id,title,content,source,category,sentiment,language,likes,views,replies,date,url
1,"Bladder cancer early detection","Thyroid disease symptoms include fatigue weight changes mood swings hair loss.","healthnews.com",rheumatology,positive,UNKNOWN,235,4811,68,,"https://healthnews.com/article-1"
2,"Thyroid disease symptoms","COVID-19 long term effects include fatigue brain fog shortness of breath ### noise","nih.gov",nephrology,positive,UNKNOWN,25,2066,110,,"https://nih.gov/article-2"
3,"Celiac disease gluten free diet","Crohns disease: inflammatory bowel disease medication surgery lifestyle.","forbes.com",cardiology,positive,es,-1,7940,181,2023-03-24,"https://forbes.com/article-3"
4,"Sepsis early detection strategies","Lung cancer early detection saves lives. CT scan recommended for high risk patients.","theguardian.com",NULL,neutral,es,22,5322,189,2022-07-01,"https://theguardian.com/article-4"
5,"ADHD in children treatment","Rheumatoid arthritis: autoimmune joint disease treatment biologics DMARDs.","theguardian.com",endocrinology,UNKNOWN,es,159,601,131,INVALID_DATE,"https://theguardian.com/article-5"
6,"","High blood pressure hypertension affects 1 in 3 adults. New treatment options.","forbes.com",gastroenterology,NULL,en,130,2018,82,2024-03-10,"https://forbes.com/article-6"
7,"Vitamin D deficiency symptoms","Breast cancer screening guidelines updated. Annual mammograms recommended from age 40.","reuters.com",infectious_disease,neutral,NULL,401,2145,-1,,"https://reuters.com/article-7"
8,"COVID-19 long term effects ###","Eczema: atopic dermatitis treatment moisturizers topical steroids biologics.","nytimes.com",oncology,NULL,en,53,8192,138,2025-11-27,"https://nytimes.com/article-8"
9,"Multiple sclerosis treatment","Obesity epidemic continues to grow in developed countries worldwide.","cdc.gov",nutrition,negative,en,32,7109,83,,"https://cdc.gov/article-9"
10,"!!!BREAKING New virus detected!!!","<p>Asthma treatment advances include new biologics for severe asthma patients.</p>","nytimes.com",oncology,positive,NULL,454,8637,142,2022-06-09,"https://nytimes.com/article-10"
11,"<div>Cholesterol tips</div>","","bbc.com",endocrinology,neutral,NULL,199,6683,-1,2025-09-15,"https://bbc.com/article-11"
12,"","Tuberculosis prevention: BCG vaccine treatment antibiotics public health.","NULL",pediatrics,negative,en,70,2562,72,2022-02-22,"NULL"
13,"Covid cases increase !!! !!! ### )$","New antibiotic resistant bacteria strain discovered in hospital settings worldwide.","healthnews.com",neurology,NULL,NULL,200,4890,125,2023-10-01,"https://healthnews.com/article-13"
14,"Dental health tips for adults","Bone health osteoporosis prevention: calcium vitamin D weight bearing exercise.","webmd.com",nephrology,neutral,en,258,7166,106,,"https://webmd.com/article-14"
15,"Blood clot prevention tips","Celiac disease: autoimmune condition triggered by gluten strict diet required.","medicalnewstoday.com",rheumatology,NULL,NULL,444,8375,48,,"https://medicalnewstoday.com/article-15"
16,"","Students suffer from sleep deprivation. Academic performance declining.","mayoclinic.org",infectious_disease,UNKNOWN,UNKNOWN,339,8297,150,2023-06-16,"https://mayoclinic.org/article-16"
17,"Lung cancer early detection","Lung cancer early detection saves lives. CT scan recommended for high risk patients.","twitter.com",NULL,positive,en,38,2091,62,INVALID_DATE,"https://twitter.com/article-17"
18,"UTI prevention tips","Exercise benefits for seniors include improved balance strength cognitive function.","medicalnewstoday.com",infectious_disease,UNKNOWN,en,-7,6490,93,2022-11-17,"https://medicalnewstoday.com/article-18"
19,"### SPAM ### Buy medications online ###","Liver disease prevention: avoid alcohol maintain healthy weight get vaccinated.","theguardian.com",rheumatology,neutral,es,175,5151,-1,2024-04-23,"https://theguardian.com/article-19"
20,"Vitamin D deficiency symptoms !!! ### )$","Sepsis: life threatening infection early detection treatment critical.","nytimes.com",pediatrics,UNKNOWN,en,296,8638,95,2022-07-04,"https://nytimes.com/article-20"
21,"<b>New diabetes treatment</b>","<div><p>Bladder cancer: early detection treatment surgery chemotherapy immunotherapy.</p></div>","NULL",oncology,negative,UNKNOWN,92,8946,89,2023-02-23,"NULL"
22,"Dental health tips for adults","### SPAM ### Buy now!!! Click here!!!","healthline.com",gynecology,neutral,UNKNOWN,472,6856,97,INVALID_DATE,"https://healthline.com/article-22"
23,"Immune system boost tips","Malaria treatment: artemisinin combination therapy prevention mosquito nets.","nytimes.com",pediatrics,UNKNOWN,en,350,3739,61,INVALID_DATE,"https://nytimes.com/article-23"
24,"Dengue fever prevention tips","<div><p>Cancer research shows breakthrough in immunotherapy treatment.</p></div>","medscape.com",rheumatology,neutral,en,95,2905,155,2022-01-15,"https://medscape.com/article-24"
25,"Nutrition tips for heart health","<div>Insomnia affects 30 percent of adults. Cognitive behavioral therapy most effective.</div>","webmd.com",NULL,NULL,en,433,3851,4,2024-01-27,"https://webmd.com/article-25"
26,"Obesity rates rising worldwide","Dengue fever prevention: mosquito control no specific treatment supportive care.","medicalnewstoday.com",nephrology,UNKNOWN,en,297,5620,126,INVALID_DATE,"https://medicalnewstoday.com/article-26"
27,"Breast cancer screening guidelines","<p>Scientists discover new treatment for diabetes type 2. Results promising.</p>","healthnews.com",dermatology,UNKNOWN,en,240,7446,-1,2023-08-10,"https://healthnews.com/article-27"
28,"Depression and anxiety in adults","COVID-19 long term effects include fatigue brain fog shortness of breath ### noise","twitter.com",oncology,mixed,UNKNOWN,88,,159,2025-02-16,"https://twitter.com/article-28"
29,"   ","Depression and anxiety disorders affect 264 million people worldwide according to WHO.","bbc.com",UNKNOWN,UNKNOWN,NULL,88,5680,8,2023-04-20,"https://bbc.com/article-29"
30,"COVID-19 long term effects ###","UTI prevention: hydration hygiene cranberry probiotics antibiotics.","medicalnewstoday.com",misc,neutral,es,209,867,64,2024-07-14,"https://medicalnewstoday.com/article-30"
31,"Heart disease risk factors ##","Rheumatoid arthritis: autoimmune joint disease treatment biologics DMARDs.","forbes.com",nephrology,neutral,en,313,1573,77,,"https://forbes.com/article-31"
32,"Dengue fever prevention tips","<h1>Heart disease remains leading cause of death worldwide</h1>","twitter.com",endocrinology,negative,UNKNOWN,-10,4665,93,2022-07-17,"https://twitter.com/article-32"
33,"Exercise benefits for seniors","","healthnews.com",infectious_disease,positive,NULL,410,3576,172,2022-01-18,"https://healthnews.com/article-33"
34,"Weight loss tips that work","Mental health crisis affecting teenagers globally. Depression rates up 30 percent.","cdc.gov",gastroenterology,negative,en,273,2271,-1,,"https://cdc.gov/article-34"
35,"Prostate cancer new treatment!!!","<div><p>Iron deficiency anemia most common nutritional deficiency worldwide affects women.</p></div>","webmd.com",gastroenterology,UNKNOWN,UNKNOWN,416,170,175,2024-04-17,"https://webmd.com/article-35"
36,"Heart failure treatment options","Blood sugar control: diet exercise medication monitoring regular checkups.","webmd.com",cardiology,UNKNOWN,es,362,5535,75,2025-04-11,"https://webmd.com/article-36"
37,"   ","Pneumonia treatment: antibiotics antivirals supportive care hospitalization.","reddit.com",oncology,UNKNOWN,fr,289,3743,120,2022-04-12,"https://reddit.com/article-37"
38,"   ","Cancer research shows breakthrough in immunotherapy treatment.","medscape.com",rheumatology,negative,en,301,3750,119,2022-06-17,"https://medscape.com/article-38"
39,"UTI prevention tips !!! ### )$","### SPAM ### Buy now!!! Click here!!!","N/A",pulmonology,positive,en,189,6954,185,2025-04-27,"N/A"
40,"   ","<h1>Heart disease remains leading cause of death worldwide</h1>","NULL",mental_health,mixed,NULL,427,8594,143,2025-09-20,"NULL"
41,"Addiction recovery strategies","","cdc.gov",NULL,negative,de,54,9328,132,2023-10-07,"https://cdc.gov/article-41"
42,"DUPLICATE TEST TITLE","Addiction recovery: medication assisted treatment therapy support groups.","theguardian.com",endocrinology,UNKNOWN,en,53,9663,89,INVALID_DATE,"https://theguardian.com/article-42"
43,"Exercise benefits for seniors","Students suffer from sleep deprivation. Academic performance declining.","webmd.com",infectious_disease,NULL,en,230,3716,133,,"https://webmd.com/article-43"
44,"Immune system boost tips","<div><p>Ovarian cancer: silent killer screening treatment surgery chemotherapy.</p></div>","N/A",oncology,mixed,fr,90,7866,164,2022-03-10,"N/A"
45,"","Parkinsons disease research shows promising results with new gene therapy approach.","medicalnewstoday.com",cardiology,negative,en,320,6435,34,2022-04-17,"https://medicalnewstoday.com/article-45"
46,"Nutrition tips for heart health","<div><p>COPD: chronic lung disease smoking cessation medication pulmonary rehab.</p></div>","cdc.gov",pediatrics,UNKNOWN,en,74,7358,27,2022-08-03,"https://cdc.gov/article-46"
47,"ADHD in children treatment","Addiction recovery: medication assisted treatment therapy support groups.","twitter.com",cardiology,negative,es,270,7801,103,2024-08-09,"https://twitter.com/article-47"
48,"Nutrition tips for heart health","PCOS polycystic ovary syndrome: hormonal disorder affecting reproductive health.","nytimes.com",pulmonology,negative,en,383,2679,89,INVALID_DATE,"https://nytimes.com/article-48"
49,"Eczema skin condition management","<div><p>Heart failure: chronic condition treatment medication lifestyle changes.</p></div>","healthnews.com",UNKNOWN,positive,en,63,1312,184,2024-04-01,"https://healthnews.com/article-49"
50,"   ","Bone health osteoporosis prevention: calcium vitamin D weight bearing exercise.","UNKNOWN",general,mixed,de,486,2199,166,2022-02-12,"UNKNOWN"
51,"Depression and anxiety in adults","","medicalnewstoday.com",infectious_disease,positive,en,24,3667,172,2025-09-24,"https://medicalnewstoday.com/article-51"
52,"Iron deficiency anemia treatment","Rheumatoid arthritis: autoimmune joint disease treatment biologics DMARDs.","healthline.com",geriatrics,NULL,de,300,7186,170,,"https://healthline.com/article-52"
53,"Chronic pain management","Dengue fever prevention: mosquito control no specific treatment supportive care.","mayoclinic.org",mental_health,negative,fr,456,,50,2025-08-13,"https://mayoclinic.org/article-53"
54,"Mental health crisis in teens","NULL","N/A",rheumatology,neutral,en,100,3458,85,2025-10-05,"N/A"
55,"Eye health and vision care","Migraine headaches affect 1 billion people worldwide. New treatments available.","healthline.com",general,NULL,NULL,60,1027,99,INVALID_DATE,"https://healthline.com/article-55"
56,"HIV AIDS latest research 2024","Addiction recovery: medication assisted treatment therapy support groups.","nih.gov",cardiology,neutral,UNKNOWN,-6,9822,85,2025-02-06,"https://nih.gov/article-56"
57,"Insomnia treatment options","Hepatitis B C treatment: antiviral medications cure possible for hepatitis C.","reddit.com",rheumatology,positive,en,48,6918,110,2022-05-21,"https://reddit.com/article-57"
58,"","Prostate cancer new treatment shows 90 percent success rate in clinical trials!!!","who.int",nutrition,mixed,NULL,345,3118,161,2022-09-08,"https://who.int/article-58"
59,"Alzheimer disease new hope","NULL","reuters.com",pulmonology,mixed,en,139,2760,178,2023-04-22,"https://reuters.com/article-59"
60,"Dengue fever prevention tips","Eczema: atopic dermatitis treatment moisturizers topical steroids biologics.","NULL",nephrology,neutral,en,38,3290,1,,"NULL"
61,"<h2>Flu season 2024 warning</h2>","<div><p><article>Children mental health issues rising post pandemic. Parents concerned.</article></p></div>","bbc.com",dermatology,negative,es,79,1966,48,2024-01-03,"https://bbc.com/article-61"
62,"Stroke prevention strategies !!! ### )$","DUPLICATE TEST CONTENT for testing deduplication pipeline.","healthnews.com",nephrology,neutral,UNKNOWN,218,5868,45,2023-07-01,"https://healthnews.com/article-62"
63,"Stroke prevention strategies","Hepatitis B C treatment: antiviral medications cure possible for hepatitis C.","bbc.com",mental_health,NULL,es,320,7821,148,INVALID_DATE,"https://bbc.com/article-63"
64,"DUPLICATE TEST TITLE","<div><p>Liver disease prevention: avoid alcohol maintain healthy weight get vaccinated.</p></div>","who.int",misc,negative,en,250,9585,153,2022-06-25,"https://who.int/article-64"
65,"Blood clot prevention tips !!! ### )$","Epilepsy management: medication surgery diet therapy vagus nerve stimulation.","medscape.com",gastroenterology,NULL,fr,405,1248,-1,2024-01-27,"https://medscape.com/article-65"
66,"Skin cancer prevention tips","","mayoclinic.org",gastroenterology,neutral,NULL,98,4784,10,2023-05-26,"https://mayoclinic.org/article-66"
67,"   ","Epilepsy management: medication surgery diet therapy vagus nerve stimulation.","NULL",NULL,UNKNOWN,en,183,7551,160,2023-09-13,"NULL"
68,"","Chronic pain management requires multidisciplinary approach medication therapy.","medscape.com",NULL,neutral,en,454,1362,11,2024-03-05,"https://medscape.com/article-68"
69,"Healthy aging strategies","Dental health tips: brush twice daily floss regularly visit dentist every 6 months.","webmd.com",UNKNOWN,mixed,en,56,8863,156,,"https://webmd.com/article-69"
70,"DUPLICATE TEST TITLE","<div><p>Blood clot prevention: movement hydration compression stockings medication.</p></div>","blog.random.net",nephrology,UNKNOWN,en,168,1411,81,2023-10-16,"https://blog.random.net/article-70"
71,"","Arthritis pain management includes physical therapy medication lifestyle changes.","nytimes.com",dermatology,mixed,UNKNOWN,296,,89,2023-07-21,"https://nytimes.com/article-71"
72,"   ","<p>Scientists discover new treatment for diabetes type 2. Results promising.</p>","healthline.com",endocrinology,positive,de,87,5735,117,2024-08-01,"https://healthline.com/article-72"
73,"Polycystic ovary syndrome PCOS","Mental health crisis affecting teenagers globally. Depression rates up 30 percent.","UNKNOWN",gastroenterology,negative,es,49,2513,131,2023-07-18,"UNKNOWN"
74,"   ","Thyroid disease symptoms include fatigue weight changes mood swings hair loss.","medicalnewstoday.com",geriatrics,mixed,de,65,2541,11,2025-06-07,"https://medicalnewstoday.com/article-74"
75,"Acne treatment for adults","Students suffer from sleep deprivation. Academic performance declining.","cdc.gov",misc,mixed,UNKNOWN,20,4923,80,INVALID_DATE,"https://cdc.gov/article-75"
76,"Migraine headache causes and cures","Pregnancy complications: preeclampsia gestational diabetes preterm birth.","cdc.gov",misc,positive,UNKNOWN,265,6964,124,2025-02-25,"https://cdc.gov/article-76"
77,"Acid reflux GERD treatment","Ovarian cancer: silent killer screening treatment surgery chemotherapy.","N/A",nephrology,UNKNOWN,es,97,6646,118,INVALID_DATE,"N/A"
78,"DUPLICATE TEST TITLE","COPD: chronic lung disease smoking cessation medication pulmonary rehab.","medscape.com",general,negative,NULL,299,,184,INVALID_DATE,"https://medscape.com/article-78"
79,"Dengue fever prevention tips","Hair loss: androgenetic alopecia treatment minoxidil finasteride transplant.","blog.random.net",general,mixed,NULL,495,15,59,INVALID_DATE,"https://blog.random.net/article-79"
80,"","<div><p>ADVERTISEMENT Buy cheap medications online no prescription needed</p></div>","NULL",oncology,neutral,UNKNOWN,469,8782,170,2024-01-19,"NULL"
81,"","New antibiotic resistant bacteria strain discovered in hospital settings worldwide.","healthline.com",mental_health,UNKNOWN,en,444,4473,148,2023-06-13,"https://healthline.com/article-81"
82,"ADVERTISEMENT Best weight loss pill","Arthritis pain management includes physical therapy medication lifestyle changes.","bbc.com",UNKNOWN,neutral,es,198,,95,2024-03-11,"https://bbc.com/article-82"
83,"Migraine headache causes and cures","<div><p>DUPLICATE TEST CONTENT for testing deduplication pipeline.</p></div>","webmd.com",gastroenterology,mixed,UNKNOWN,225,3646,179,2023-02-22,"https://webmd.com/article-83"
84,"   ","Vitamin D deficiency linked to depression immune dysfunction bone loss.","N/A",general,positive,fr,61,102,31,2024-04-11,"N/A"
85,"Sepsis early detection strategies","NULL","blog.random.net",gynecology,NULL,fr,290,1043,198,2022-07-16,"https://blog.random.net/article-85"
86,"Infertility treatment options 2024","NULL","medscape.com",gastroenterology,negative,es,137,602,91,2022-10-27,"https://medscape.com/article-86"
87,"New vaccine approved by FDA!!!","NULL","healthline.com",cardiology,neutral,fr,77,9862,43,2024-01-05,"https://healthline.com/article-87"
88,"   ","Rheumatoid arthritis: autoimmune joint disease treatment biologics DMARDs.","healthline.com",neurology,mixed,en,142,8651,165,2024-10-02,"https://healthline.com/article-88"
89,"   ","Dental health tips: brush twice daily floss regularly visit dentist every 6 months.","healthnews.com",dermatology,mixed,UNKNOWN,166,4994,184,2024-10-23,"https://healthnews.com/article-89"
90,"","Exercise benefits for seniors include improved balance strength cognitive function.","nytimes.com",geriatrics,negative,en,169,4684,177,2024-08-22,"https://nytimes.com/article-90"
91,"Endometriosis treatment advances","NULL","blog.random.net",rheumatology,mixed,en,340,802,132,2022-10-06,"https://blog.random.net/article-91"
92,"Bone health and osteoporosis","Coronary artery disease: prevention diet exercise medication surgery.","webmd.com",rheumatology,positive,es,59,6618,87,INVALID_DATE,"https://webmd.com/article-92"
93,"Psoriasis treatment advances 2024","Celiac disease: autoimmune condition triggered by gluten strict diet required.","twitter.com",oncology,UNKNOWN,en,344,8309,68,2022-01-11,"https://twitter.com/article-93"
94,"COVID-19 long term effects ###","Crohns disease: inflammatory bowel disease medication surgery lifestyle.","blog.random.net",gastroenterology,positive,fr,147,7755,45,,"https://blog.random.net/article-94"
95,"","New vaccine approved showing 95 percent efficacy in clinical trials.","blog.random.net",NULL,NULL,en,115,8197,93,2024-02-09,"https://blog.random.net/article-95"
96,"   ","Cancer research shows breakthrough in immunotherapy treatment.","NULL",misc,negative,en,286,91,197,2024-02-05,"NULL"
97,"Pregnancy complications prevention","Depression and anxiety disorders affect 264 million people worldwide according to WHO.","reuters.com",neurology,UNKNOWN,UNKNOWN,-7,,18,2023-05-18,"https://reuters.com/article-97"
98,"Bone health and osteoporosis","Coronary artery disease: prevention diet exercise medication surgery.","nytimes.com",oncology,UNKNOWN,en,252,8752,64,2025-06-12,"https://nytimes.com/article-98"
99,"Iron deficiency anemia treatment","NULL","cdc.gov",mental_health,mixed,en,376,5871,144,2024-09-16,"https://cdc.gov/article-99"
100,"Dental health tips for adults","<div><p>Alzheimers disease affects 50 million people worldwide. New hope from research.</p></div>","mayoclinic.org",gastroenterology,mixed,en,481,8872,28,2023-11-27,"https://mayoclinic.org/article-100"
101,"Blood clot prevention tips","<div><p>Hair loss: androgenetic alopecia treatment minoxidil finasteride transplant.</p></div>","nih.gov",oncology,NULL,UNKNOWN,186,9173,85,2025-08-09,"https://nih.gov/article-101"
102,"!!!BREAKING New virus detected!!!","Nutrition tips for heart health: reduce sodium increase fiber eat healthy fats.","webmd.com",neurology,neutral,en,49,6884,27,INVALID_DATE,"https://webmd.com/article-102"
103,"Heart failure treatment options","Depression and anxiety disorders affect 264 million people worldwide according to WHO.","nih.gov",general,NULL,UNKNOWN,-10,2904,91,2025-07-20,"https://nih.gov/article-103"
104,"Diabetes type 2 prevention tips","NULL","mayoclinic.org",gynecology,negative,en,312,8840,86,2025-10-02,"https://mayoclinic.org/article-104"
105,"Rheumatoid arthritis management","","cdc.gov",general,positive,NULL,239,8510,105,2024-03-26,"https://cdc.gov/article-105"
106,"Thyroid disease symptoms","COVID-19 long term effects include fatigue brain fog shortness of breath ### noise","nytimes.com",gynecology,positive,de,-9,4827,95,2022-02-14,"https://nytimes.com/article-106"
107,"Polycystic ovary syndrome PCOS","Mental health crisis affecting teenagers globally. Depression rates up 30 percent.","mayoclinic.org",research,NULL,fr,446,2822,99,,"https://mayoclinic.org/article-107"
108,"Autism spectrum disorder research","Stress management: exercise meditation yoga deep breathing time management.","theguardian.com",infectious_disease,mixed,fr,210,9000,30,,"https://theguardian.com/article-108"
109,"Kidney stones prevention tips","<div><p>Chronic pain management requires multidisciplinary approach medication therapy.</p></div>","forbes.com",UNKNOWN,negative,en,494,5307,44,2025-06-21,"https://forbes.com/article-109"
110,"<h2>Flu season 2024 warning</h2>","<div><p>Students suffer from sleep deprivation. Academic performance declining.</p></div>","mayoclinic.org",cardiology,NULL,de,180,4302,123,2022-10-07,"https://mayoclinic.org/article-110"
111,"Polycystic ovary syndrome PCOS","New vaccine approved showing 95 percent efficacy in clinical trials.","blog.random.net",infectious_disease,neutral,fr,468,2214,167,2023-04-14,"https://blog.random.net/article-111"
112,"Autism spectrum disorder research","Endometriosis treatment: pain management surgery hormone therapy.","nytimes.com",mental_health,UNKNOWN,en,141,8844,148,,"https://nytimes.com/article-112"
113,"Polycystic ovary syndrome PCOS","<div><p>UTI prevention: hydration hygiene cranberry probiotics antibiotics.</p></div>","nih.gov",cardiology,positive,en,364,8269,118,2025-11-20,"https://nih.gov/article-113"
114,"   ","COPD: chronic lung disease smoking cessation medication pulmonary rehab.","blog.random.net",nephrology,neutral,en,252,9057,91,2023-05-25,"https://blog.random.net/article-114"
115,"   ","<p>Asthma treatment advances include new biologics for severe asthma patients.</p>","UNKNOWN",rheumatology,UNKNOWN,en,7,6206,133,2022-08-23,"UNKNOWN"
116,"","<article>Children mental health issues rising post pandemic. Parents concerned.</article>","who.int",geriatrics,UNKNOWN,en,321,7448,6,2023-04-04,"https://who.int/article-116"
117,"Malaria treatment advances","NULL","medicalnewstoday.com",rheumatology,neutral,fr,140,5484,30,2024-07-15,"https://medicalnewstoday.com/article-117"
118,"Acid reflux GERD treatment","NULL","healthline.com",pulmonology,mixed,es,267,8067,120,2024-04-10,"https://healthline.com/article-118"
119,"Mental health crisis in teens","","healthnews.com",nutrition,mixed,en,481,4492,97,2022-10-21,"https://healthnews.com/article-119"
120,"","Type 2 diabetes can be prevented with lifestyle changes diet exercise weight loss.","medscape.com",rheumatology,mixed,de,42,4780,102,2022-03-05,"https://medscape.com/article-120"
121,"Migraine headache causes and cures","Dengue fever prevention: mosquito control no specific treatment supportive care.","who.int",geriatrics,UNKNOWN,fr,72,7431,124,,"https://who.int/article-121"
122,"Polycystic ovary syndrome PCOS","Students suffer from sleep deprivation. Academic performance declining.","UNKNOWN",mental_health,negative,UNKNOWN,233,6400,105,2023-02-17,"UNKNOWN"
123,"DUPLICATE TEST TITLE","Iron deficiency anemia most common nutritional deficiency worldwide affects women.","medscape.com",geriatrics,neutral,en,300,5953,87,INVALID_DATE,"https://medscape.com/article-123"
124,"Skin cancer prevention tips !!! ### )$","Nutrition tips for heart health: reduce sodium increase fiber eat healthy fats.","webmd.com",oncology,negative,fr,456,6577,67,2024-08-18,"https://webmd.com/article-124"
125,"","Eating disorders anorexia bulimia binge eating require professional treatment.","cdc.gov",pulmonology,NULL,en,456,6628,135,2024-05-24,"https://cdc.gov/article-125"
126,"Acid reflux GERD treatment","<div><p>Eczema: atopic dermatitis treatment moisturizers topical steroids biologics.</p></div>","nytimes.com",cardiology,mixed,NULL,201,5175,109,2023-10-27,"https://nytimes.com/article-126"
127,"   ","Epilepsy management: medication surgery diet therapy vagus nerve stimulation.","blog.random.net",rheumatology,negative,fr,315,319,100,2025-04-14,"https://blog.random.net/article-127"
128,"UTI prevention tips","<div>Insomnia affects 30 percent of adults. Cognitive behavioral therapy most effective.</div>","nih.gov",infectious_disease,NULL,NULL,56,814,148,,"https://nih.gov/article-128"
129,"Hepatitis B and C treatment","Eye health: regular exams UV protection nutrition screen time management.","cdc.gov",research,mixed,es,12,259,128,2025-05-24,"https://cdc.gov/article-129"
130,"ADHD in children treatment","New vaccine approved showing 95 percent efficacy in clinical trials.","blog.random.net",mental_health,neutral,en,-4,802,188,2024-09-05,"https://blog.random.net/article-130"
131,"   ","Hair loss: androgenetic alopecia treatment minoxidil finasteride transplant.","nih.gov",pulmonology,positive,es,216,4631,197,2022-04-09,"https://nih.gov/article-131"
132,"Migraine headache causes and cures","COVID-19 long term effects include fatigue brain fog shortness of breath ### noise","reuters.com",pulmonology,positive,en,326,704,175,2023-01-14,"https://reuters.com/article-132"
133,"Blood clot prevention tips","","healthline.com",nutrition,negative,es,80,8051,102,2022-09-20,"https://healthline.com/article-133"
134,"Hormonal imbalance symptoms","NULL","theguardian.com",endocrinology,NULL,en,445,5216,62,2022-11-21,"https://theguardian.com/article-134"
135,"Epilepsy management strategies","HIV AIDS research: new treatments improve life expectancy quality of life.","UNKNOWN",geriatrics,negative,NULL,91,8097,14,2025-02-08,"UNKNOWN"
136,"New vaccine approved by FDA!!!","Mindfulness meditation reduces stress anxiety depression improves wellbeing.","bbc.com",misc,mixed,en,-5,4039,-1,2025-02-09,"https://bbc.com/article-136"
137,"Hormonal imbalance symptoms","Type 2 diabetes can be prevented with lifestyle changes diet exercise weight loss.","N/A",mental_health,UNKNOWN,UNKNOWN,-2,8475,-1,2022-11-19,"N/A"
138,"   ","New antibiotic resistant bacteria strain discovered in hospital settings worldwide.","nih.gov",misc,UNKNOWN,en,477,352,155,2024-01-05,"https://nih.gov/article-138"
139,"Hair loss causes and treatment","NULL","webmd.com",infectious_disease,NULL,de,3,5783,102,2025-05-22,"https://webmd.com/article-139"
140,"Kidney stones prevention tips","Heart failure: chronic condition treatment medication lifestyle changes.","NULL",dermatology,positive,UNKNOWN,-9,4324,55,2023-10-26,"NULL"
141,"Epilepsy management strategies","HIV AIDS research: new treatments improve life expectancy quality of life.","nih.gov",UNKNOWN,positive,en,-4,8815,114,2024-06-13,"https://nih.gov/article-141"
142,"Ovarian cancer screening","<div><p>PCOS polycystic ovary syndrome: hormonal disorder affecting reproductive health.</p></div>","medicalnewstoday.com",nutrition,NULL,en,310,9457,-1,2025-07-05,"https://medicalnewstoday.com/article-142"
143,"   ","High blood pressure hypertension affects 1 in 3 adults. New treatment options.","cdc.gov",nutrition,positive,en,395,2664,192,2023-03-24,"https://cdc.gov/article-143"
144,"Cancer research breakthrough!!!","NULL","twitter.com",misc,NULL,fr,173,8398,53,2025-07-23,"https://twitter.com/article-144"
145,"Arthritis pain management","","UNKNOWN",infectious_disease,NULL,en,257,812,136,2024-07-21,"UNKNOWN"
146,"","DUPLICATE TEST CONTENT for testing deduplication pipeline.","blog.random.net",gastroenterology,negative,en,257,3195,-1,2025-03-15,"https://blog.random.net/article-146"
147,"","Bladder cancer: early detection treatment surgery chemotherapy immunotherapy.","forbes.com",endocrinology,NULL,en,32,3199,63,2024-05-19,"https://forbes.com/article-147"
148,"Blood sugar control strategies","Menopause symptoms: hot flashes night sweats mood changes bone loss.","medicalnewstoday.com",mental_health,UNKNOWN,en,40,6154,-1,2025-08-14,"https://medicalnewstoday.com/article-148"
149,"   ","DUPLICATE TEST CONTENT for testing deduplication pipeline.","reddit.com",UNKNOWN,negative,en,113,,22,2025-05-20,"https://reddit.com/article-149"
150,"Blood clot prevention tips","Prostate cancer new treatment shows 90 percent success rate in clinical trials!!!","nytimes.com",research,UNKNOWN,en,437,9120,60,2025-09-05,"https://nytimes.com/article-150"
151,"Insomnia treatment options","Psoriasis: skin condition treatment topical medications biologics phototherapy.","forbes.com",dermatology,negative,en,171,4080,21,2023-02-12,"https://forbes.com/article-151"
152,"Tuberculosis prevention strategies","Parkinsons disease research shows promising results with new gene therapy approach.","nih.gov",NULL,neutral,es,181,1365,73,,"https://nih.gov/article-152"
153,"Depression and anxiety in adults","### SPAM ### Buy now!!! Click here!!!","blog.random.net",general,mixed,UNKNOWN,-7,352,89,2025-02-19,"https://blog.random.net/article-153"
154,"Pneumonia treatment guidelines","","nytimes.com",pediatrics,mixed,fr,129,7468,130,2024-02-22,"https://nytimes.com/article-154"
155,"Hormonal imbalance symptoms","<div><p>Prostate cancer new treatment shows 90 percent success rate in clinical trials!!!</p></div>","healthnews.com",infectious_disease,neutral,en,140,6075,20,2025-04-05,"https://healthnews.com/article-155"
156,"Sepsis early detection strategies","Malaria treatment: artemisinin combination therapy prevention mosquito nets.","healthline.com",nephrology,NULL,NULL,51,1340,113,INVALID_DATE,"https://healthline.com/article-156"
157,"Hepatitis B and C treatment !!! ### )$","NULL","who.int",infectious_disease,NULL,UNKNOWN,114,4640,-1,2025-10-09,"https://who.int/article-157"
158,"   ","<h1>Heart disease remains leading cause of death worldwide</h1>","webmd.com",pediatrics,positive,fr,25,1179,23,2022-01-22,"https://webmd.com/article-158"
159,"Stroke prevention strategies","<div>Insomnia affects 30 percent of adults. Cognitive behavioral therapy most effective.</div>","healthline.com",neurology,UNKNOWN,de,170,4748,117,2023-05-18,"https://healthline.com/article-159"
160,"Kidney disease management tips !!! ### )$","Epilepsy management: medication surgery diet therapy vagus nerve stimulation.","cdc.gov",neurology,mixed,fr,336,1504,9,2024-04-12,"https://cdc.gov/article-160"
161,"Immune system boost tips","<div><p>   </p></div>","medicalnewstoday.com",pulmonology,UNKNOWN,en,449,1044,45,2022-04-06,"https://medicalnewstoday.com/article-161"
162,"","Infertility treatment: IVF IUI medication surgery lifestyle changes.","cdc.gov",misc,neutral,en,193,3457,95,2022-03-10,"https://cdc.gov/article-162"
163,"COPD chronic lung disease","Dengue fever prevention: mosquito control no specific treatment supportive care.","medicalnewstoday.com",gynecology,negative,en,134,9442,197,INVALID_DATE,"https://medicalnewstoday.com/article-163"
164,"Menopause symptoms management","Obesity epidemic continues to grow in developed countries worldwide.","NULL",nutrition,UNKNOWN,en,82,3372,41,,"NULL"
165,"<b>New diabetes treatment</b>","Gut health probiotics prebiotics fiber diet microbiome mental health connection.","mayoclinic.org",oncology,neutral,fr,453,3871,-1,,"https://mayoclinic.org/article-165"
166,"Addiction recovery strategies","New antibiotic resistant bacteria strain discovered in hospital settings worldwide.","NULL",pediatrics,positive,NULL,76,3936,-1,,"NULL"
167,"","Coronary artery disease: prevention diet exercise medication surgery.","blog.random.net",pulmonology,mixed,UNKNOWN,406,762,79,2024-06-09,"https://blog.random.net/article-167"
168,"Lupus autoimmune disease treatment","NULL","NULL",NULL,positive,es,368,1621,0,2023-08-26,"NULL"
169,"### SPAM ### Buy medications online ###","<p>Asthma treatment advances include new biologics for severe asthma patients.</p>","who.int",rheumatology,UNKNOWN,de,151,6635,127,INVALID_DATE,"https://who.int/article-169"
170,"Mental health crisis in teens !!! ### )$","Skin cancer prevention: sunscreen protective clothing avoid tanning beds.","theguardian.com",UNKNOWN,NULL,en,48,847,78,2023-08-10,"https://theguardian.com/article-170"
171,"ADVERTISEMENT Best weight loss pill","Pregnancy complications: preeclampsia gestational diabetes preterm birth.","N/A",oncology,mixed,fr,68,7505,171,INVALID_DATE,"N/A"
172,"Liver disease prevention","","cdc.gov",pediatrics,negative,NULL,399,2900,129,2022-04-02,"https://cdc.gov/article-172"
173,"High blood pressure treatment","DUPLICATE TEST CONTENT for testing deduplication pipeline.","medscape.com",NULL,UNKNOWN,en,257,2724,55,,"https://medscape.com/article-173"
174,"Dengue fever prevention tips","NULL","mayoclinic.org",cardiology,negative,de,273,2537,85,2025-05-03,"https://mayoclinic.org/article-174"
175,"Immune system boost tips","<p>Scientists discover new treatment for diabetes type 2. Results promising.</p>","bbc.com",geriatrics,UNKNOWN,fr,382,8582,99,2022-06-27,"https://bbc.com/article-175"
176,"Diabetes type 2 prevention tips","","mayoclinic.org",rheumatology,negative,UNKNOWN,8,3273,13,2024-10-01,"https://mayoclinic.org/article-176"
177,"Rheumatoid arthritis management","NULL","webmd.com",gynecology,positive,de,130,3441,67,2022-09-10,"https://webmd.com/article-177"
178,"Breast cancer screening guidelines","","healthline.com",cardiology,neutral,de,236,120,103,2023-10-13,"https://healthline.com/article-178"
179,"New vaccine approved by FDA!!!","","medscape.com",gastroenterology,neutral,de,377,9221,150,2025-03-07,"https://medscape.com/article-179"
180,"   ","Celiac disease: autoimmune condition triggered by gluten strict diet required.","medicalnewstoday.com",nutrition,mixed,en,372,9029,144,2023-11-11,"https://medicalnewstoday.com/article-180"
181,"DUPLICATE TEST TITLE !!! ### )$","Dengue fever prevention: mosquito control no specific treatment supportive care.","reuters.com",endocrinology,positive,en,159,,132,2024-02-21,"https://reuters.com/article-181"
182,"Nutrition tips for heart health","<div><p><div>New covid wave detected in Europe. Cases rising fast!!!</div></p></div>","reddit.com",NULL,neutral,NULL,381,6906,35,2023-11-10,"https://reddit.com/article-182"
183,"Celiac disease gluten free diet","DUPLICATE TEST CONTENT for testing deduplication pipeline.","medicalnewstoday.com",infectious_disease,UNKNOWN,en,363,19,153,,"https://medicalnewstoday.com/article-183"
184,"DUPLICATE TEST TITLE","NULL","reddit.com",nephrology,NULL,en,58,9953,58,2024-01-05,"https://reddit.com/article-184"
185,"","Menopause symptoms: hot flashes night sweats mood changes bone loss.","mayoclinic.org",misc,negative,de,197,7456,3,2025-02-20,"https://mayoclinic.org/article-185"
186,"","Hair loss: androgenetic alopecia treatment minoxidil finasteride transplant.","who.int",gynecology,negative,en,230,1540,-1,2025-09-13,"https://who.int/article-186"
187,"Stress management techniques !!! ### )$","DUPLICATE TEST CONTENT for testing deduplication pipeline.","theguardian.com",gynecology,negative,de,449,1596,67,2024-11-16,"https://theguardian.com/article-187"
188,"Dental health tips for adults","NULL","webmd.com",mental_health,neutral,en,355,9013,51,2023-05-13,"https://webmd.com/article-188"
189,"   ","DUPLICATE TEST CONTENT for testing deduplication pipeline.","mayoclinic.org",pulmonology,negative,es,359,1543,137,2025-10-09,"https://mayoclinic.org/article-189"
190,"Alzheimer disease new hope","NULL","twitter.com",nephrology,NULL,es,200,1021,70,2024-06-03,"https://twitter.com/article-190"
191,"Pneumonia treatment guidelines","NULL","webmd.com",UNKNOWN,neutral,en,91,3324,-1,2022-09-08,"https://webmd.com/article-191"
192,"","Eye health: regular exams UV protection nutrition screen time management.","reuters.com",research,NULL,en,159,4505,45,2024-09-12,"https://reuters.com/article-192"
193,"","Blood sugar control: diet exercise medication monitoring regular checkups.","forbes.com",NULL,positive,en,3,5615,-1,2024-02-06,"https://forbes.com/article-193"
194,"Bladder cancer early detection","NULL","medicalnewstoday.com",oncology,negative,en,266,9438,61,2022-02-26,"https://medicalnewstoday.com/article-194"
195,"Alzheimer disease new hope","NULL","N/A",infectious_disease,NULL,NULL,225,2415,148,2025-02-14,"N/A"
196,"Nutrition tips for heart health","NULL","reddit.com",research,NULL,en,204,8792,52,2024-05-24,"https://reddit.com/article-196"
197,"Bone health and osteoporosis","COPD: chronic lung disease smoking cessation medication pulmonary rehab.","medicalnewstoday.com",pulmonology,neutral,de,274,4617,112,,"https://medicalnewstoday.com/article-197"
198,"Weight loss tips that work","Liver disease prevention: avoid alcohol maintain healthy weight get vaccinated.","forbes.com",endocrinology,neutral,es,165,1122,134,2022-04-23,"https://forbes.com/article-198"
199,"","Eczema: atopic dermatitis treatment moisturizers topical steroids biologics.","medscape.com",NULL,mixed,de,41,1037,15,2024-09-06,"https://medscape.com/article-199"
200,"","ADHD in children treatment includes medication behavioral therapy parent training.","medscape.com",nutrition,positive,es,133,9713,148,2022-06-16,"https://medscape.com/article-200"
201,"Dental health tips for adults","<div><p>COVID-19 long term effects include fatigue brain fog shortness of breath ### noise</p></div>","reuters.com",infectious_disease,UNKNOWN,UNKNOWN,324,986,120,2022-09-21,"https://reuters.com/article-201"
202,"Sepsis early detection strategies","Type 2 diabetes can be prevented with lifestyle changes diet exercise weight loss.","webmd.com",mental_health,negative,en,391,7197,15,2025-10-18,"https://webmd.com/article-202"
203,"   ","<h1>Heart disease remains leading cause of death worldwide</h1>","nih.gov",oncology,positive,fr,276,1519,161,2023-07-24,"https://nih.gov/article-203"
204,"Nutrition tips for heart health","<div><p><div>Insomnia affects 30 percent of adults. Cognitive behavioral therapy most effective.</div></p></div>","medicalnewstoday.com",cardiology,negative,en,72,2394,192,2025-05-08,"https://medicalnewstoday.com/article-204"
205,"Migraine headache causes and cures","NULL","cdc.gov",research,negative,UNKNOWN,203,2697,14,2023-01-15,"https://cdc.gov/article-205"
206,"","   ","bbc.com",research,positive,fr,465,1242,33,2023-11-11,"https://bbc.com/article-206"
207,"Covid cases increase !!!","HIV AIDS research: new treatments improve life expectancy quality of life.","medicalnewstoday.com",general,positive,en,204,2974,96,INVALID_DATE,"https://medicalnewstoday.com/article-207"
208,"Tuberculosis prevention strategies","Rheumatoid arthritis: autoimmune joint disease treatment biologics DMARDs.","webmd.com",cardiology,mixed,de,183,9705,87,,"https://webmd.com/article-208"
209,"Cholesterol management tips !!! ### )$","Dental health tips: brush twice daily floss regularly visit dentist every 6 months.","forbes.com",neurology,positive,UNKNOWN,376,4413,55,2022-02-07,"https://forbes.com/article-209"
210,"","Multiple sclerosis treatment advances include new disease modifying therapies.","healthnews.com",UNKNOWN,negative,UNKNOWN,225,6503,138,2024-09-02,"https://healthnews.com/article-210"
211,"Epilepsy management strategies","<div><p>Pneumonia treatment: antibiotics antivirals supportive care hospitalization.</p></div>","nih.gov",gynecology,UNKNOWN,UNKNOWN,232,3524,79,2023-09-21,"https://nih.gov/article-211"
212,"Parkinsons disease research","Pneumonia treatment: antibiotics antivirals supportive care hospitalization.","twitter.com",cardiology,positive,UNKNOWN,415,6906,114,2024-06-23,"https://twitter.com/article-212"
213,"Psoriasis treatment advances 2024 !!! ### )$","<div>New covid wave detected in Europe. Cases rising fast!!!</div>","who.int",neurology,positive,en,17,,-1,2023-05-22,"https://who.int/article-213"
214,"ADVERTISEMENT Best weight loss pill","Liver disease prevention: avoid alcohol maintain healthy weight get vaccinated.","N/A",rheumatology,mixed,es,485,5875,51,,"N/A"
215,"Immune system boost tips !!! ### )$","Multiple sclerosis treatment advances include new disease modifying therapies.","blog.random.net",misc,NULL,NULL,343,3869,35,2025-04-11,"https://blog.random.net/article-215"
216,"Hair loss causes and treatment !!! ### )$","### SPAM ### Buy now!!! Click here!!!","reddit.com",UNKNOWN,NULL,UNKNOWN,116,6151,75,2022-01-08,"https://reddit.com/article-216"
217,"Depression and anxiety in adults","NULL","theguardian.com",pulmonology,negative,en,437,6687,45,2024-08-10,"https://theguardian.com/article-217"
218,"Epilepsy management strategies","","N/A",general,negative,NULL,304,5811,70,2024-02-15,"N/A"
219,"Breast cancer screening guidelines","NULL","healthline.com",gynecology,NULL,fr,216,2068,42,2022-07-11,"https://healthline.com/article-219"
220,"Depression and anxiety in adults","<div><p>Alzheimers disease affects 50 million people worldwide. New hope from research.</p></div>","cdc.gov",general,mixed,UNKNOWN,399,7286,-1,2022-02-05,"https://cdc.gov/article-220"
221,"Multiple sclerosis treatment","","reuters.com",nephrology,UNKNOWN,fr,411,9538,176,2022-02-02,"https://reuters.com/article-221"
222,"Endometriosis treatment advances !!! ### )$","### SPAM ### Buy now!!! Click here!!!","webmd.com",oncology,NULL,en,465,7139,7,2025-07-14,"https://webmd.com/article-222"
223,"Lupus autoimmune disease treatment","","theguardian.com",oncology,neutral,UNKNOWN,214,852,-1,2022-04-08,"https://theguardian.com/article-223"
224,"ADVERTISEMENT Best weight loss pill","Kidney disease management requires regular monitoring diet changes medication.","twitter.com",cardiology,negative,de,-7,6327,86,2023-02-18,"https://twitter.com/article-224"
225,"","<p>Asthma treatment advances include new biologics for severe asthma patients.</p>","theguardian.com",oncology,NULL,en,109,181,41,2023-06-15,"https://theguardian.com/article-225"
226,"Heart disease risk factors ##","IBS irritable bowel syndrome: diet stress management medication therapy.","reddit.com",UNKNOWN,mixed,en,29,,13,INVALID_DATE,"https://reddit.com/article-226"
227,"Gut health and probiotics","Eczema: atopic dermatitis treatment moisturizers topical steroids biologics.","cdc.gov",rheumatology,negative,en,385,6520,14,2023-10-04,"https://cdc.gov/article-227"
228,"   ","Kidney stones: prevention hydration diet medication lithotripsy surgery.","healthnews.com",neurology,negative,en,93,4864,144,2023-09-27,"https://healthnews.com/article-228"
229,"","Tuberculosis prevention: BCG vaccine treatment antibiotics public health.","healthnews.com",dermatology,neutral,en,176,9581,146,2024-01-24,"https://healthnews.com/article-229"
230,"","Breast cancer screening guidelines updated. Annual mammograms recommended from age 40.","nih.gov",dermatology,NULL,en,25,4121,125,2024-05-09,"https://nih.gov/article-230"
231,"Healthy aging strategies","","blog.random.net",pulmonology,mixed,es,190,6978,180,2025-05-18,"https://blog.random.net/article-231"
232,"","Gut health probiotics prebiotics fiber diet microbiome mental health connection.","N/A",gastroenterology,UNKNOWN,en,215,590,194,2025-05-03,"N/A"
233,"","Kidney disease management requires regular monitoring diet changes medication.","N/A",mental_health,mixed,de,341,3279,67,2022-02-10,"N/A"
234,"Infertility treatment options 2024","Acne treatment: topical retinoids antibiotics hormonal therapy isotretinoin.","who.int",misc,positive,fr,129,6493,79,2025-02-07,"https://who.int/article-234"
235,"<div>Cholesterol tips</div>","","cdc.gov",infectious_disease,mixed,NULL,246,8511,66,2022-04-11,"https://cdc.gov/article-235"
236,"Blood clot prevention tips","<div>New covid wave detected in Europe. Cases rising fast!!!</div>","cdc.gov",rheumatology,UNKNOWN,NULL,385,9590,176,,"https://cdc.gov/article-236"
237,"","<p>Immune system boost: sleep well eat healthy exercise manage stress.</p>","webmd.com",nephrology,NULL,en,55,4283,178,2024-08-09,"https://webmd.com/article-237"
238,"Migraine headache causes and cures","High blood pressure hypertension affects 1 in 3 adults. New treatment options.","nytimes.com",cardiology,mixed,de,-4,6952,11,2023-03-01,"https://nytimes.com/article-238"
239,"Addiction recovery strategies !!! ### )$","Epilepsy management: medication surgery diet therapy vagus nerve stimulation.","webmd.com",pediatrics,mixed,en,192,5809,4,2022-05-18,"https://webmd.com/article-239"
240,"Heart failure treatment options","Menopause symptoms: hot flashes night sweats mood changes bone loss.","bbc.com",geriatrics,mixed,en,350,7433,169,2022-01-05,"https://bbc.com/article-240"
241,"","Kidney disease management requires regular monitoring diet changes medication.","theguardian.com",cardiology,negative,UNKNOWN,152,8602,-1,2024-10-05,"https://theguardian.com/article-241"
242,"   ","Crohns disease: inflammatory bowel disease medication surgery lifestyle.","cdc.gov",geriatrics,NULL,en,362,3562,192,2024-08-13,"https://cdc.gov/article-242"
243,"Gut health and probiotics","High blood pressure hypertension affects 1 in 3 adults. New treatment options.","webmd.com",neurology,neutral,NULL,357,8848,92,,"https://webmd.com/article-243"
244,"Asthma treatment advances 2024","Depression and anxiety disorders affect 264 million people worldwide according to WHO.","forbes.com",dermatology,NULL,de,419,3627,107,2022-11-23,"https://forbes.com/article-244"
245,"   ","Type 2 diabetes can be prevented with lifestyle changes diet exercise weight loss.","theguardian.com",rheumatology,mixed,de,469,2587,129,2022-05-08,"https://theguardian.com/article-245"
246,"","COVID-19 long term effects include fatigue brain fog shortness of breath ### noise","blog.random.net",research,NULL,UNKNOWN,405,4897,182,2024-04-20,"https://blog.random.net/article-246"
247,"Cancer research breakthrough!!! !!! ### )$","DUPLICATE TEST CONTENT for testing deduplication pipeline.","blog.random.net",endocrinology,negative,en,232,2401,31,2024-10-09,"https://blog.random.net/article-247"
248,"Malaria treatment advances","<div><p>New vaccine approved showing 95 percent efficacy in clinical trials.</p></div>","forbes.com",nutrition,NULL,es,354,389,35,2025-06-18,"https://forbes.com/article-248"
249,"Chronic pain management","ADHD in children treatment includes medication behavioral therapy parent training.","blog.random.net",UNKNOWN,negative,UNKNOWN,329,9255,108,2022-01-03,"https://blog.random.net/article-249"
250,"Migraine headache causes and cures","Hair loss: androgenetic alopecia treatment minoxidil finasteride transplant.","blog.random.net",pediatrics,positive,en,440,6243,72,,"https://blog.random.net/article-250"
251,"Menopause symptoms management","<div><p>Healthy aging: exercise nutrition social connection mental stimulation sleep.</p></div>","NULL",endocrinology,negative,en,16,9708,130,2023-03-23,"NULL"
252,"Acid reflux GERD treatment","Vitamin D deficiency linked to depression immune dysfunction bone loss.","forbes.com",rheumatology,mixed,en,249,1201,136,INVALID_DATE,"https://forbes.com/article-252"
253,"Polycystic ovary syndrome PCOS","IBS irritable bowel syndrome: diet stress management medication therapy.","theguardian.com",misc,neutral,fr,186,5407,15,,"https://theguardian.com/article-253"
254,"Tuberculosis prevention strategies","<div><p>Endometriosis treatment: pain management surgery hormone therapy.</p></div>","medscape.com",dermatology,UNKNOWN,UNKNOWN,36,6957,103,2022-01-04,"https://medscape.com/article-254"
255,"Hormonal imbalance symptoms","Depression and anxiety disorders affect 264 million people worldwide according to WHO.","medicalnewstoday.com",NULL,neutral,fr,110,7698,190,2025-10-02,"https://medicalnewstoday.com/article-255"
256,"","<div>New covid wave detected in Europe. Cases rising fast!!!</div>","medicalnewstoday.com",endocrinology,NULL,en,79,2532,43,2024-06-14,"https://medicalnewstoday.com/article-256"
257,"<h2>Flu season 2024 warning</h2>","Breast cancer screening guidelines updated. Annual mammograms recommended from age 40.","NULL",gynecology,NULL,en,24,8876,92,INVALID_DATE,"NULL"
258,"Immune system boost tips","NULL","reddit.com",gastroenterology,negative,en,279,6439,31,2022-09-27,"https://reddit.com/article-258"
259,"   ","Eye health: regular exams UV protection nutrition screen time management.","healthline.com",NULL,mixed,NULL,400,9019,169,2023-05-25,"https://healthline.com/article-259"
260,"Sleep problems in students","<div><p>Exercise benefits for seniors include improved balance strength cognitive function.</p></div>","medicalnewstoday.com",research,negative,en,21,8376,97,2023-06-21,"https://medicalnewstoday.com/article-260"
261,"Exercise benefits for seniors","<div><p>Bladder cancer: early detection treatment surgery chemotherapy immunotherapy.</p></div>","UNKNOWN",research,positive,en,425,9691,190,2024-02-14,"UNKNOWN"
262,"!!!BREAKING New virus detected!!!","Lung cancer early detection saves lives. CT scan recommended for high risk patients.","reddit.com",endocrinology,negative,en,295,3066,8,2022-03-02,"https://reddit.com/article-262"
263,"   ","Blood clot prevention: movement hydration compression stockings medication.","reddit.com",nutrition,UNKNOWN,UNKNOWN,384,8488,160,2024-03-16,"https://reddit.com/article-263"
264,"Diabetes type 2 prevention tips","Blood sugar control: diet exercise medication monitoring regular checkups.","N/A",UNKNOWN,positive,es,63,8007,111,2025-02-08,"N/A"
265,"ADVERTISEMENT Best weight loss pill","","twitter.com",geriatrics,neutral,en,464,9249,125,2022-02-12,"https://twitter.com/article-265"
266,"Parkinsons disease research","Parkinsons disease research shows promising results with new gene therapy approach.","webmd.com",misc,NULL,en,228,8327,120,INVALID_DATE,"https://webmd.com/article-266"
267,"Hormonal imbalance symptoms","NULL","blog.random.net",nutrition,UNKNOWN,es,358,6880,161,2024-06-19,"https://blog.random.net/article-267"
268,"   ","<p>Asthma treatment advances include new biologics for severe asthma patients.</p>","nih.gov",oncology,UNKNOWN,en,150,3022,147,2023-04-09,"https://nih.gov/article-268"
269,"Gut health and probiotics","Psoriasis: skin condition treatment topical medications biologics phototherapy.","twitter.com",general,UNKNOWN,en,27,6861,-1,2024-08-26,"https://twitter.com/article-269"
270,"   ","Acne treatment: topical retinoids antibiotics hormonal therapy isotretinoin.","twitter.com",misc,UNKNOWN,de,222,4736,195,2022-04-27,"https://twitter.com/article-270"
271,"Nutrition tips for heart health","","nytimes.com",misc,positive,en,428,7843,154,2025-04-13,"https://nytimes.com/article-271"
272,"Hepatitis B and C treatment","","medscape.com",general,NULL,fr,196,6652,28,2023-01-06,"https://medscape.com/article-272"
273,"Chronic pain management","Infertility treatment: IVF IUI medication surgery lifestyle changes.","webmd.com",oncology,mixed,en,187,9665,-1,INVALID_DATE,"https://webmd.com/article-273"
274,"Stroke prevention strategies","Mental health crisis affecting teenagers globally. Depression rates up 30 percent.","bbc.com",UNKNOWN,mixed,UNKNOWN,-8,3163,60,2022-06-02,"https://bbc.com/article-274"
275,"Multiple sclerosis treatment","<div><p>ADVERTISEMENT Buy cheap medications online no prescription needed</p></div>","forbes.com",gynecology,mixed,en,498,1325,50,2024-11-27,"https://forbes.com/article-275"
276,"Mental health crisis in teens","Exercise benefits for seniors include improved balance strength cognitive function.","mayoclinic.org",pediatrics,mixed,UNKNOWN,411,395,176,2023-10-10,"https://mayoclinic.org/article-276"
277,"   ","Menopause symptoms: hot flashes night sweats mood changes bone loss.","reuters.com",infectious_disease,positive,en,35,2895,71,2023-07-13,"https://reuters.com/article-277"
278,"","Hormonal imbalance symptoms: fatigue weight gain mood changes irregular periods.","N/A",infectious_disease,mixed,de,272,6838,27,2024-01-23,"N/A"
279,"Thyroid disease symptoms !!! ### )$","Hormonal imbalance symptoms: fatigue weight gain mood changes irregular periods.","theguardian.com",rheumatology,negative,UNKNOWN,275,,157,2023-04-08,"https://theguardian.com/article-279"
280,"","Thyroid disease symptoms include fatigue weight changes mood swings hair loss.","bbc.com",infectious_disease,UNKNOWN,de,137,,168,2023-09-02,"https://bbc.com/article-280"
281,"Pneumonia treatment guidelines","<div><p>Hair loss: androgenetic alopecia treatment minoxidil finasteride transplant.</p></div>","bbc.com",general,UNKNOWN,en,484,8532,184,2024-07-01,"https://bbc.com/article-281"
282,"Autism spectrum disorder research","Liver disease prevention: avoid alcohol maintain healthy weight get vaccinated.","theguardian.com",dermatology,mixed,es,264,4127,191,INVALID_DATE,"https://theguardian.com/article-282"
283,"   ","Lupus: autoimmune disease affects multiple organs treatment medication.","medscape.com",NULL,mixed,en,219,6750,76,2025-06-07,"https://medscape.com/article-283"
284,"Epilepsy management strategies !!! ### )$","Rheumatoid arthritis: autoimmune joint disease treatment biologics DMARDs.","N/A",general,mixed,es,149,7508,138,2025-05-01,"N/A"
285,"Bladder cancer early detection","","healthnews.com",general,mixed,UNKNOWN,373,2392,38,2024-11-10,"https://healthnews.com/article-285"
286,"","Exercise benefits for seniors include improved balance strength cognitive function.","medicalnewstoday.com",oncology,NULL,en,305,3596,79,2025-02-13,"https://medicalnewstoday.com/article-286"
287,"Ovarian cancer screening","DUPLICATE TEST CONTENT for testing deduplication pipeline.","medscape.com",general,positive,en,-5,3069,156,2022-09-01,"https://medscape.com/article-287"
288,"Heart disease risk factors ##","","medscape.com",pediatrics,negative,es,302,3285,183,2024-03-21,"https://medscape.com/article-288"
289,"Immune system boost tips","Stroke prevention: control blood pressure cholesterol diabetes exercise regularly.","who.int",gynecology,positive,NULL,-1,6096,126,2024-09-05,"https://who.int/article-289"
290,"Hormonal imbalance symptoms","ADHD in children treatment includes medication behavioral therapy parent training.","medicalnewstoday.com",mental_health,positive,fr,352,7824,186,INVALID_DATE,"https://medicalnewstoday.com/article-290"
291,"Multiple sclerosis treatment","<div><p>NULL</p></div>","cdc.gov",gastroenterology,neutral,de,168,7433,29,2024-10-17,"https://cdc.gov/article-291"
292,"","Rheumatoid arthritis: autoimmune joint disease treatment biologics DMARDs.","forbes.com",gynecology,positive,en,467,9690,142,2022-02-07,"https://forbes.com/article-292"
293,"","DUPLICATE TEST CONTENT for testing deduplication pipeline.","NULL",rheumatology,UNKNOWN,en,423,5717,0,2024-03-08,"NULL"
294,"Stroke prevention strategies","Infertility treatment: IVF IUI medication surgery lifestyle changes.","theguardian.com",NULL,NULL,en,357,8664,35,,"https://theguardian.com/article-294"
295,"NULL !!! ### )$","DUPLICATE TEST CONTENT for testing deduplication pipeline.","healthline.com",oncology,UNKNOWN,es,145,2276,145,2025-07-14,"https://healthline.com/article-295"
296,"New antibiotic resistant bacteria","IBS irritable bowel syndrome: diet stress management medication therapy.","nytimes.com",general,positive,en,417,4726,191,,"https://nytimes.com/article-296"
297,"","Mindfulness meditation reduces stress anxiety depression improves wellbeing.","healthline.com",geriatrics,NULL,en,211,4563,64,2025-07-17,"https://healthline.com/article-297"
298,"   ","Exercise benefits for seniors include improved balance strength cognitive function.","nytimes.com",pediatrics,neutral,NULL,223,6663,194,2022-01-03,"https://nytimes.com/article-298"
299,"Tuberculosis prevention strategies","<div><p>ADVERTISEMENT Buy cheap medications online no prescription needed</p></div>","medscape.com",NULL,positive,en,302,6978,113,INVALID_DATE,"https://medscape.com/article-299"
300,"Pneumonia treatment guidelines !!! ### )$","Rheumatoid arthritis: autoimmune joint disease treatment biologics DMARDs.","healthnews.com",cardiology,UNKNOWN,en,228,1215,162,2024-04-11,"https://healthnews.com/article-300"
301,"Iron deficiency anemia treatment","","healthnews.com",UNKNOWN,positive,es,9,503,137,2022-02-26,"https://healthnews.com/article-301"
302,"Migraine headache causes and cures","NULL","N/A",infectious_disease,UNKNOWN,de,402,2475,83,2024-01-02,"N/A"
303,"Insomnia treatment options !!! ### )$","ADHD in children treatment includes medication behavioral therapy parent training.","twitter.com",oncology,negative,en,239,4267,22,2022-05-27,"https://twitter.com/article-303"
304,"Autism spectrum disorder research","Healthy aging: exercise nutrition social connection mental stimulation sleep.","NULL",nephrology,NULL,en,-4,9666,13,2025-01-20,"NULL"
305,"","Thyroid disease symptoms include fatigue weight changes mood swings hair loss.","UNKNOWN",rheumatology,mixed,en,202,2506,39,2025-05-25,"UNKNOWN"
306,"Irritable bowel syndrome IBS","NULL","healthline.com",neurology,neutral,es,-1,5788,106,2024-07-26,"https://healthline.com/article-306"
307,"   ","DUPLICATE TEST CONTENT for testing deduplication pipeline.","N/A",misc,negative,en,22,9126,82,2024-11-14,"N/A"
308,"Kidney stones prevention tips","<div><h2>Flu season 2024</h2><p>Health officials warn of severe flu season.</p></div>","N/A",pulmonology,negative,es,-1,4080,163,2024-11-25,"N/A"
309,"Thyroid disease symptoms","Mental health crisis affecting teenagers globally. Depression rates up 30 percent.","NULL",rheumatology,positive,fr,439,3419,114,INVALID_DATE,"NULL"
310,"Parkinsons disease research !!! ### )$","Depression and anxiety disorders affect 264 million people worldwide according to WHO.","medicalnewstoday.com",mental_health,negative,en,122,7035,1,2025-10-09,"https://medicalnewstoday.com/article-310"
311,"Endometriosis treatment advances","","healthnews.com",cardiology,NULL,en,75,2524,177,2023-04-03,"https://healthnews.com/article-311"
312,"","Addiction recovery: medication assisted treatment therapy support groups.","nytimes.com",gynecology,positive,en,175,1022,156,2024-01-04,"https://nytimes.com/article-312"
313,"New antibiotic resistant bacteria","Lung cancer early detection saves lives. CT scan recommended for high risk patients.","reuters.com",nutrition,neutral,fr,32,290,27,,"https://reuters.com/article-313"
314,"Hormonal imbalance symptoms","PCOS polycystic ovary syndrome: hormonal disorder affecting reproductive health.","reuters.com",nephrology,neutral,NULL,-9,7460,-1,2024-04-24,"https://reuters.com/article-314"
315,"Lupus autoimmune disease treatment","<article>Children mental health issues rising post pandemic. Parents concerned.</article>","healthnews.com",pulmonology,positive,UNKNOWN,-8,5628,193,2024-04-19,"https://healthnews.com/article-315"
316,"Kidney stones prevention tips","UTI prevention: hydration hygiene cranberry probiotics antibiotics.","UNKNOWN",rheumatology,positive,en,250,2727,-1,2023-01-21,"UNKNOWN"
317,"   ","Prostate cancer new treatment shows 90 percent success rate in clinical trials!!!","NULL",gastroenterology,positive,es,63,1489,83,2023-01-10,"NULL"
318,"UTI prevention tips","Multiple sclerosis treatment advances include new disease modifying therapies.","bbc.com",oncology,UNKNOWN,UNKNOWN,-5,7924,-1,2025-02-17,"https://bbc.com/article-318"
319,"Diabetes type 2 prevention tips","<p>Immune system boost: sleep well eat healthy exercise manage stress.</p>","medicalnewstoday.com",gastroenterology,mixed,en,311,2281,28,INVALID_DATE,"https://medicalnewstoday.com/article-319"
320,"COVID-19 long term effects ###","Type 2 diabetes can be prevented with lifestyle changes diet exercise weight loss.","healthnews.com",rheumatology,positive,fr,270,8928,196,INVALID_DATE,"https://healthnews.com/article-320"
321,"COVID-19 long term effects ###","Obesity epidemic continues to grow in developed countries worldwide.","webmd.com",research,neutral,en,65,8247,143,,"https://webmd.com/article-321"
322,"Breast cancer screening guidelines","<div><p>Hepatitis B C treatment: antiviral medications cure possible for hepatitis C.</p></div>","mayoclinic.org",general,mixed,en,170,682,108,2023-06-03,"https://mayoclinic.org/article-322"
323,"Iron deficiency anemia treatment","Iron deficiency anemia most common nutritional deficiency worldwide affects women.","NULL",misc,neutral,fr,339,9990,134,,"NULL"
324,"","Nutrition tips for heart health: reduce sodium increase fiber eat healthy fats.","medicalnewstoday.com",gastroenterology,positive,en,350,338,113,2025-06-06,"https://medicalnewstoday.com/article-324"
325,"Depression and anxiety in adults","<div><p>Tuberculosis prevention: BCG vaccine treatment antibiotics public health.</p></div>","mayoclinic.org",dermatology,neutral,fr,69,1774,94,2024-09-18,"https://mayoclinic.org/article-325"
326,"Mental health crisis in teens","NULL","mayoclinic.org",gastroenterology,UNKNOWN,NULL,321,6809,62,2024-05-17,"https://mayoclinic.org/article-326"
327,"Nutrition tips for heart health","Gut health probiotics prebiotics fiber diet microbiome mental health connection.","medicalnewstoday.com",nephrology,positive,en,225,3537,141,2024-09-04,"https://medicalnewstoday.com/article-327"
328,"","### SPAM ### Buy now!!! Click here!!!","mayoclinic.org",gynecology,mixed,en,252,6601,107,2022-09-05,"https://mayoclinic.org/article-328"
329,"Obesity rates rising worldwide","<div><h2>Flu season 2024</h2><p>Health officials warn of severe flu season.</p></div>","theguardian.com",research,positive,UNKNOWN,282,5932,157,2023-09-16,"https://theguardian.com/article-329"
330,"Lupus autoimmune disease treatment","NULL","blog.random.net",gynecology,UNKNOWN,UNKNOWN,219,587,147,2025-08-26,"https://blog.random.net/article-330"
331,"High blood pressure treatment","<div><p>Multiple sclerosis treatment advances include new disease modifying therapies.</p></div>","nih.gov",infectious_disease,UNKNOWN,en,267,9286,181,2023-08-06,"https://nih.gov/article-331"
332,"Migraine headache causes and cures","Dental health tips: brush twice daily floss regularly visit dentist every 6 months.","webmd.com",infectious_disease,NULL,en,369,2984,4,,"https://webmd.com/article-332"
333,"Pregnancy complications prevention","PCOS polycystic ovary syndrome: hormonal disorder affecting reproductive health.","N/A",gynecology,UNKNOWN,NULL,-8,9925,21,2024-07-01,"N/A"
334,"   ","High blood pressure hypertension affects 1 in 3 adults. New treatment options.","mayoclinic.org",neurology,negative,en,327,8076,34,2023-04-10,"https://mayoclinic.org/article-334"
335,"Vitamin D deficiency symptoms","Eye health: regular exams UV protection nutrition screen time management.","nih.gov",gastroenterology,neutral,UNKNOWN,437,8232,109,INVALID_DATE,"https://nih.gov/article-335"
336,"Thyroid disease symptoms","Kidney stones: prevention hydration diet medication lithotripsy surgery.","healthline.com",rheumatology,NULL,fr,-1,203,15,2024-10-15,"https://healthline.com/article-336"
337,"   ","Malaria treatment: artemisinin combination therapy prevention mosquito nets.","nih.gov",pediatrics,UNKNOWN,en,357,9383,34,INVALID_DATE,"https://nih.gov/article-337"
338,"Dengue fever prevention tips","Breast cancer screening guidelines updated. Annual mammograms recommended from age 40.","reuters.com",oncology,neutral,NULL,124,60,187,2022-04-12,"https://reuters.com/article-338"
339,"DUPLICATE TEST TITLE","","UNKNOWN",nutrition,neutral,en,249,785,165,2022-11-26,"UNKNOWN"
340,"Cancer research breakthrough!!! !!! ### )$","Multiple sclerosis treatment advances include new disease modifying therapies.","healthnews.com",infectious_disease,negative,en,268,8503,118,2025-08-04,"https://healthnews.com/article-340"
341,"High blood pressure treatment","Mindfulness meditation reduces stress anxiety depression improves wellbeing.","mayoclinic.org",gynecology,negative,en,-9,,4,2023-10-13,"https://mayoclinic.org/article-341"
342,"Dengue fever prevention tips","","twitter.com",pulmonology,mixed,en,407,9088,110,2024-08-10,"https://twitter.com/article-342"
343,"Prostate cancer new treatment!!!","Rheumatoid arthritis: autoimmune joint disease treatment biologics DMARDs.","blog.random.net",research,mixed,en,-5,5966,28,2024-05-21,"https://blog.random.net/article-343"
344,"Multiple sclerosis treatment","","medscape.com",dermatology,mixed,en,391,3093,167,2023-03-17,"https://medscape.com/article-344"
345,"Sepsis early detection strategies","<div><p>ADVERTISEMENT Buy cheap medications online no prescription needed</p></div>","twitter.com",nutrition,negative,de,297,9499,75,INVALID_DATE,"https://twitter.com/article-345"
346,"Children mental health issues","Cholesterol management: diet exercise medication statins lifestyle changes.","who.int",mental_health,negative,en,-6,7047,25,2022-09-09,"https://who.int/article-346"
347,"Weight loss tips that work","IBS irritable bowel syndrome: diet stress management medication therapy.","webmd.com",pulmonology,UNKNOWN,en,372,3277,-1,2022-07-02,"https://webmd.com/article-347"
348,"   ","### SPAM ### Buy now!!! Click here!!!","blog.random.net",geriatrics,NULL,NULL,173,7470,159,2023-09-04,"https://blog.random.net/article-348"
349,"Cancer research breakthrough!!!","Eating disorders anorexia bulimia binge eating require professional treatment.","healthnews.com",mental_health,neutral,es,-7,,113,2025-06-21,"https://healthnews.com/article-349"
350,"Diabetes type 2 prevention tips","Exercise benefits for seniors include improved balance strength cognitive function.","reuters.com",dermatology,UNKNOWN,NULL,-2,2884,68,2023-11-18,"https://reuters.com/article-350"
351,"Autism spectrum disorder research","","nih.gov",NULL,NULL,UNKNOWN,281,9364,96,2023-01-09,"https://nih.gov/article-351"
352,"Blood sugar control strategies","<article>Children mental health issues rising post pandemic. Parents concerned.</article>","theguardian.com",NULL,NULL,UNKNOWN,205,9304,72,INVALID_DATE,"https://theguardian.com/article-352"
353,"Hormonal imbalance symptoms","Eczema: atopic dermatitis treatment moisturizers topical steroids biologics.","healthline.com",NULL,NULL,es,102,3099,187,2022-10-14,"https://healthline.com/article-353"
354,"Ovarian cancer screening","Iron deficiency anemia most common nutritional deficiency worldwide affects women.","healthline.com",nephrology,neutral,fr,317,1718,112,,"https://healthline.com/article-354"
355,"Children mental health issues","NULL","medscape.com",NULL,negative,en,353,7305,195,2023-03-16,"https://medscape.com/article-355"
356,"Chronic pain management !!! ### )$","Menopause symptoms: hot flashes night sweats mood changes bone loss.","reddit.com",NULL,mixed,fr,486,5792,193,2022-05-07,"https://reddit.com/article-356"
357,"New antibiotic resistant bacteria","Epilepsy management: medication surgery diet therapy vagus nerve stimulation.","medscape.com",UNKNOWN,UNKNOWN,NULL,304,6131,163,,"https://medscape.com/article-357"
358,"Infertility treatment options 2024","NULL","NULL",infectious_disease,negative,es,367,3642,138,2023-11-09,"NULL"
359,"Tuberculosis prevention strategies","Epilepsy management: medication surgery diet therapy vagus nerve stimulation.","NULL",endocrinology,NULL,de,377,1155,193,INVALID_DATE,"NULL"
360,"Cancer research breakthrough!!!","UTI prevention: hydration hygiene cranberry probiotics antibiotics.","reuters.com",nutrition,positive,en,357,9544,109,,"https://reuters.com/article-360"
361,"Vitamin D deficiency symptoms","IBS irritable bowel syndrome: diet stress management medication therapy.","reuters.com",cardiology,positive,en,254,7429,20,2022-05-21,"https://reuters.com/article-361"
362,"Kidney disease management tips","NULL","healthline.com",mental_health,mixed,de,83,9216,68,2023-10-14,"https://healthline.com/article-362"
363,"Nutrition tips for heart health","<div><p>Epilepsy management: medication surgery diet therapy vagus nerve stimulation.</p></div>","NULL",mental_health,NULL,en,279,6164,168,2025-05-14,"NULL"
364,"Stroke prevention strategies","Cancer research shows breakthrough in immunotherapy treatment.","medscape.com",geriatrics,NULL,de,51,4826,152,2023-07-02,"https://medscape.com/article-364"
365,"   ","Exercise benefits for seniors include improved balance strength cognitive function.","bbc.com",endocrinology,positive,de,377,7047,168,2024-02-11,"https://bbc.com/article-365"
366,"Migraine headache causes and cures","","medicalnewstoday.com",infectious_disease,UNKNOWN,en,106,2535,118,2022-02-05,"https://medicalnewstoday.com/article-366"
367,"Kidney disease management tips","","webmd.com",gastroenterology,UNKNOWN,NULL,128,,53,2022-04-08,"https://webmd.com/article-367"
368,"### SPAM ### Buy medications online ###","High blood pressure hypertension affects 1 in 3 adults. New treatment options.","N/A",nephrology,NULL,en,-7,1199,96,2024-07-15,"N/A"
369,"   ","Dengue fever prevention: mosquito control no specific treatment supportive care.","medscape.com",UNKNOWN,UNKNOWN,es,273,5724,-1,2023-09-03,"https://medscape.com/article-369"
370,"Lupus autoimmune disease treatment","Hormonal imbalance symptoms: fatigue weight gain mood changes irregular periods.","who.int",mental_health,negative,es,100,7400,131,,"https://who.int/article-370"
371,"NULL","NULL","webmd.com",geriatrics,neutral,de,152,1529,71,2022-09-12,"https://webmd.com/article-371"
372,"Liver disease prevention","","NULL",dermatology,mixed,de,374,9573,192,2023-05-24,"NULL"
373,"Diabetes type 2 prevention tips","Epilepsy management: medication surgery diet therapy vagus nerve stimulation.","reuters.com",endocrinology,negative,UNKNOWN,-2,1955,43,2022-06-21,"https://reuters.com/article-373"
374,"Bone health and osteoporosis","<p>Asthma treatment advances include new biologics for severe asthma patients.</p>","mayoclinic.org",rheumatology,mixed,en,-10,1856,19,2023-03-10,"https://mayoclinic.org/article-374"
375,"Children mental health issues","Parkinsons disease research shows promising results with new gene therapy approach.","nih.gov",nutrition,mixed,UNKNOWN,498,8277,91,INVALID_DATE,"https://nih.gov/article-375"
376,"Kidney disease management tips","<div><p>DUPLICATE TEST CONTENT for testing deduplication pipeline.</p></div>","medscape.com",pulmonology,mixed,de,339,7228,151,2024-10-02,"https://medscape.com/article-376"
377,"High blood pressure treatment","","healthline.com",dermatology,NULL,NULL,302,697,158,2022-08-13,"https://healthline.com/article-377"
378,"","Alzheimers disease affects 50 million people worldwide. New hope from research.","reuters.com",research,UNKNOWN,es,325,9006,20,2024-08-08,"https://reuters.com/article-378"
379,"Asthma treatment advances 2024","IBS irritable bowel syndrome: diet stress management medication therapy.","theguardian.com",general,negative,en,-4,6286,20,2025-07-15,"https://theguardian.com/article-379"
380,"HIV AIDS latest research 2024","Arthritis pain management includes physical therapy medication lifestyle changes.","cdc.gov",geriatrics,positive,es,368,769,135,,"https://cdc.gov/article-380"
381,"Kidney stones prevention tips","Blood clot prevention: movement hydration compression stockings medication.","NULL",pediatrics,positive,fr,429,6430,65,INVALID_DATE,"NULL"
382,"   ","Hepatitis B C treatment: antiviral medications cure possible for hepatitis C.","who.int",neurology,negative,de,256,687,141,2023-05-10,"https://who.int/article-382"
383,"Alzheimer disease new hope !!! ### )$","Mindfulness meditation reduces stress anxiety depression improves wellbeing.","nytimes.com",geriatrics,mixed,UNKNOWN,370,7110,188,2024-04-27,"https://nytimes.com/article-383"
384,"UTI prevention tips","NULL","twitter.com",UNKNOWN,NULL,de,103,7060,75,2024-06-13,"https://twitter.com/article-384"
385,"Exercise benefits for seniors","<div><p>Prostate cancer new treatment shows 90 percent success rate in clinical trials!!!</p></div>","healthnews.com",gynecology,mixed,de,376,2434,175,2024-07-11,"https://healthnews.com/article-385"
386,"","Exercise benefits for seniors include improved balance strength cognitive function.","twitter.com",pediatrics,positive,en,237,5423,120,2023-01-17,"https://twitter.com/article-386"
387,"DUPLICATE TEST TITLE","Lupus: autoimmune disease affects multiple organs treatment medication.","UNKNOWN",UNKNOWN,mixed,es,357,6435,11,INVALID_DATE,"UNKNOWN"
388,"Gut health and probiotics !!! ### )$","Coronary artery disease: prevention diet exercise medication surgery.","webmd.com",neurology,mixed,es,435,6225,58,2025-09-22,"https://webmd.com/article-388"
389,"","New vaccine approved showing 95 percent efficacy in clinical trials.","UNKNOWN",gastroenterology,positive,fr,50,3335,-1,2024-08-04,"UNKNOWN"
390,"Stress management techniques !!! ### )$","Epilepsy management: medication surgery diet therapy vagus nerve stimulation.","reddit.com",general,NULL,en,7,5676,22,2022-11-26,"https://reddit.com/article-390"
391,"Covid cases increase !!!","Liver disease prevention: avoid alcohol maintain healthy weight get vaccinated.","UNKNOWN",mental_health,negative,en,389,9614,52,2022-04-27,"UNKNOWN"
392,"Children mental health issues","Pregnancy complications: preeclampsia gestational diabetes preterm birth.","nih.gov",research,neutral,en,487,7789,-1,,"https://nih.gov/article-392"
393,"Dental health tips for adults","NULL","NULL",endocrinology,mixed,de,140,2985,157,2025-04-12,"NULL"
394,"Heart failure treatment options","Pregnancy complications: preeclampsia gestational diabetes preterm birth.","medicalnewstoday.com",geriatrics,negative,NULL,-10,264,69,2023-09-15,"https://medicalnewstoday.com/article-394"
395,"Mindfulness and meditation benefits","<div><p><p>Asthma treatment advances include new biologics for severe asthma patients.</p></p></div>","mayoclinic.org",nephrology,NULL,en,149,1762,97,2024-07-15,"https://mayoclinic.org/article-395"
396,"Depression and anxiety in adults","","mayoclinic.org",rheumatology,UNKNOWN,en,401,2292,149,2022-03-15,"https://mayoclinic.org/article-396"
397,"Bladder cancer early detection","","nytimes.com",rheumatology,positive,de,341,652,84,2022-02-21,"https://nytimes.com/article-397"
398,"Irritable bowel syndrome IBS","Bladder cancer: early detection treatment surgery chemotherapy immunotherapy.","mayoclinic.org",NULL,positive,NULL,74,1682,170,2022-11-22,"https://mayoclinic.org/article-398"
399,"Weight loss tips that work","NULL","forbes.com",NULL,negative,en,382,6527,-1,2023-05-02,"https://forbes.com/article-399"
400,"   ","Eye health: regular exams UV protection nutrition screen time management.","webmd.com",dermatology,mixed,en,310,6810,20,2024-09-09,"https://webmd.com/article-400"
401,"   ","UTI prevention: hydration hygiene cranberry probiotics antibiotics.","twitter.com",dermatology,negative,NULL,328,8631,134,2022-11-01,"https://twitter.com/article-401"
402,"Sleep problems in students !!! ### )$","Depression and anxiety disorders affect 264 million people worldwide according to WHO.","UNKNOWN",nephrology,positive,en,13,7738,131,2025-08-21,"UNKNOWN"
403,"","Iron deficiency anemia most common nutritional deficiency worldwide affects women.","forbes.com",NULL,mixed,NULL,288,6536,-1,2025-04-19,"https://forbes.com/article-403"
404,"### SPAM ### Buy medications online ###","Breast cancer screening guidelines updated. Annual mammograms recommended from age 40.","mayoclinic.org",pediatrics,UNKNOWN,es,235,4096,130,2025-11-19,"https://mayoclinic.org/article-404"
405,"Breast cancer screening guidelines","NULL","NULL",endocrinology,NULL,de,472,1280,20,2025-08-01,"NULL"
406,"Pneumonia treatment guidelines","Liver disease prevention: avoid alcohol maintain healthy weight get vaccinated.","healthline.com",gastroenterology,positive,en,-8,257,45,2022-06-24,"https://healthline.com/article-406"
407,"","Depression and anxiety disorders affect 264 million people worldwide according to WHO.","N/A",pulmonology,neutral,fr,472,7311,-1,2024-06-18,"N/A"
408,"Multiple sclerosis treatment","<div>Autism spectrum disorder research advances in early detection intervention.</div>","webmd.com",rheumatology,NULL,en,116,473,145,2025-11-14,"https://webmd.com/article-408"
409,"High blood pressure treatment","HIV AIDS research: new treatments improve life expectancy quality of life.","twitter.com",misc,neutral,fr,99,4486,69,INVALID_DATE,"https://twitter.com/article-409"
410,"Alzheimer disease new hope","NULL","theguardian.com",pediatrics,negative,es,175,2713,65,2022-06-06,"https://theguardian.com/article-410"
411,"   ","Lupus: autoimmune disease affects multiple organs treatment medication.","N/A",misc,negative,es,461,8687,30,2022-08-04,"N/A"
412,"Cholesterol management tips","Stroke prevention: control blood pressure cholesterol diabetes exercise regularly.","reddit.com",gastroenterology,UNKNOWN,NULL,-7,2727,177,2024-05-12,"https://reddit.com/article-412"
413,"Autism spectrum disorder research","Stress management: exercise meditation yoga deep breathing time management.","blog.random.net",mental_health,negative,en,358,1166,135,INVALID_DATE,"https://blog.random.net/article-413"
414,"Diabetes type 2 prevention tips","Iron deficiency anemia most common nutritional deficiency worldwide affects women.","UNKNOWN",neurology,NULL,fr,214,566,63,2024-08-05,"UNKNOWN"
415,"Bone health and osteoporosis","Dengue fever prevention: mosquito control no specific treatment supportive care.","N/A",nutrition,UNKNOWN,fr,155,6467,82,,"N/A"
416,"Insomnia treatment options","","medscape.com",general,neutral,en,142,121,-1,2024-04-20,"https://medscape.com/article-416"
417,"","Healthy aging: exercise nutrition social connection mental stimulation sleep.","bbc.com",NULL,positive,de,466,7630,82,2025-03-09,"https://bbc.com/article-417"
418,"Kidney stones prevention tips","<div><p>ADVERTISEMENT Buy cheap medications online no prescription needed</p></div>","nytimes.com",dermatology,mixed,en,63,8984,14,INVALID_DATE,"https://nytimes.com/article-418"
419,"High blood pressure treatment","NULL","healthline.com",infectious_disease,mixed,NULL,52,2082,108,2022-05-24,"https://healthline.com/article-419"
420,"   ","Blood clot prevention: movement hydration compression stockings medication.","who.int",pulmonology,positive,en,162,9480,18,2022-03-15,"https://who.int/article-420"
421,"   ","DUPLICATE TEST CONTENT for testing deduplication pipeline.","who.int",dermatology,positive,de,71,6363,96,2022-07-26,"https://who.int/article-421"
422,"   ","New vaccine approved showing 95 percent efficacy in clinical trials.","twitter.com",general,negative,es,122,8743,69,2023-09-26,"https://twitter.com/article-422"
423,"Prostate cancer new treatment!!!","Eating disorders anorexia bulimia binge eating require professional treatment.","nih.gov",endocrinology,UNKNOWN,en,-3,7355,97,2025-08-13,"https://nih.gov/article-423"
424,"Insomnia treatment options","<div><p>Healthy aging: exercise nutrition social connection mental stimulation sleep.</p></div>","N/A",nephrology,positive,en,421,7018,111,2024-05-25,"N/A"
425,"   ","Skin cancer prevention: sunscreen protective clothing avoid tanning beds.","forbes.com",nutrition,neutral,NULL,132,2648,69,2022-07-25,"https://forbes.com/article-425"
426,"DUPLICATE TEST TITLE","","who.int",UNKNOWN,NULL,UNKNOWN,105,407,33,2022-03-24,"https://who.int/article-426"
427,"   ","Chronic pain management requires multidisciplinary approach medication therapy.","webmd.com",misc,negative,en,189,7363,25,2022-06-11,"https://webmd.com/article-427"
428,"<b>New diabetes treatment</b>","NULL","N/A",nutrition,mixed,fr,201,7045,193,2023-08-14,"N/A"
429,"Hair loss causes and treatment","NULL","medicalnewstoday.com",infectious_disease,UNKNOWN,UNKNOWN,396,9313,162,2022-08-08,"https://medicalnewstoday.com/article-429"
430,"","New vaccine approved showing 95 percent efficacy in clinical trials.","UNKNOWN",rheumatology,neutral,es,424,5554,105,2024-04-24,"UNKNOWN"
431,"<div>Cholesterol tips</div>","NULL","healthline.com",misc,UNKNOWN,es,478,3497,187,2022-09-06,"https://healthline.com/article-431"
432,"Blood clot prevention tips","Kidney disease management requires regular monitoring diet changes medication.","theguardian.com",pediatrics,mixed,en,173,233,117,,"https://theguardian.com/article-432"
433,"Acne treatment for adults","Addiction recovery: medication assisted treatment therapy support groups.","forbes.com",rheumatology,NULL,en,129,5501,191,2022-06-10,"https://forbes.com/article-433"
434,"Addiction recovery strategies","Pneumonia treatment: antibiotics antivirals supportive care hospitalization.","N/A",UNKNOWN,UNKNOWN,en,75,94,90,2024-03-08,"N/A"
435,"Ovarian cancer screening","Crohns disease: inflammatory bowel disease medication surgery lifestyle.","UNKNOWN",dermatology,negative,NULL,74,1621,70,2025-10-05,"UNKNOWN"
436,"","Pneumonia treatment: antibiotics antivirals supportive care hospitalization.","twitter.com",oncology,negative,de,250,5535,16,2022-04-25,"https://twitter.com/article-436"
437,"Celiac disease gluten free diet","Rheumatoid arthritis: autoimmune joint disease treatment biologics DMARDs.","NULL",pulmonology,NULL,de,133,3926,75,,"NULL"
438,"Diabetes type 2 prevention tips","Infertility treatment: IVF IUI medication surgery lifestyle changes.","NULL",pulmonology,neutral,NULL,40,7834,73,2022-06-21,"NULL"
439,"","Lung cancer early detection saves lives. CT scan recommended for high risk patients.","reddit.com",oncology,neutral,fr,110,2292,179,2023-01-08,"https://reddit.com/article-439"
440,"Autism spectrum disorder research","Pregnancy complications: preeclampsia gestational diabetes preterm birth.","N/A",infectious_disease,negative,es,335,5503,166,,"N/A"
441,"Insomnia treatment options","Heart failure: chronic condition treatment medication lifestyle changes.","theguardian.com",nephrology,positive,fr,-2,1236,130,2023-05-12,"https://theguardian.com/article-441"
442,"   ","<div><h2>Flu season 2024</h2><p>Health officials warn of severe flu season.</p></div>","UNKNOWN",pediatrics,NULL,fr,344,5797,45,2025-07-12,"UNKNOWN"
443,"Tuberculosis prevention strategies","Crohns disease: inflammatory bowel disease medication surgery lifestyle.","reuters.com",pediatrics,positive,fr,4,9902,174,INVALID_DATE,"https://reuters.com/article-443"
444,"DUPLICATE TEST TITLE","","nytimes.com",NULL,UNKNOWN,en,279,2668,-1,2023-03-20,"https://nytimes.com/article-444"
445,"ADVERTISEMENT Best weight loss pill","<div><p>Coronary artery disease: prevention diet exercise medication surgery.</p></div>","healthnews.com",gynecology,UNKNOWN,en,316,5946,121,2024-05-09,"https://healthnews.com/article-445"
446,"<b>New diabetes treatment</b>","NULL","bbc.com",misc,UNKNOWN,UNKNOWN,273,393,149,2022-06-22,"https://bbc.com/article-446"
447,"DUPLICATE TEST TITLE","COVID-19 long term effects include fatigue brain fog shortness of breath ### noise","webmd.com",NULL,NULL,en,93,3747,90,2024-10-04,"https://webmd.com/article-447"
448,"   ","Epilepsy management: medication surgery diet therapy vagus nerve stimulation.","reddit.com",nutrition,negative,en,388,7470,27,2022-06-08,"https://reddit.com/article-448"
449,"Skin cancer prevention tips","<p>Scientists discover new treatment for diabetes type 2. Results promising.</p>","NULL",mental_health,UNKNOWN,en,325,9929,167,2024-10-11,"NULL"
450,"DUPLICATE TEST TITLE","Celiac disease: autoimmune condition triggered by gluten strict diet required.","medscape.com",research,UNKNOWN,en,397,5397,138,INVALID_DATE,"https://medscape.com/article-450"
451,"   ","Parkinsons disease research shows promising results with new gene therapy approach.","nih.gov",nutrition,NULL,en,24,6673,85,2025-06-12,"https://nih.gov/article-451"
452,"Prostate cancer new treatment!!!","Endometriosis treatment: pain management surgery hormone therapy.","who.int",infectious_disease,UNKNOWN,en,392,9736,27,2022-02-09,"https://who.int/article-452"
453,"Addiction recovery strategies","<div>Insomnia affects 30 percent of adults. Cognitive behavioral therapy most effective.</div>","N/A",geriatrics,mixed,NULL,128,4514,42,INVALID_DATE,"N/A"
454,"Breast cancer screening guidelines !!! ### )$","ADHD in children treatment includes medication behavioral therapy parent training.","bbc.com",pulmonology,UNKNOWN,en,321,3457,10,2023-02-13,"https://bbc.com/article-454"
455,"<h2>Flu season 2024 warning</h2>","NULL","healthline.com",nephrology,UNKNOWN,en,146,4770,176,2025-09-21,"https://healthline.com/article-455"
456,"Iron deficiency anemia treatment !!! ### )$","Hormonal imbalance symptoms: fatigue weight gain mood changes irregular periods.","UNKNOWN",pulmonology,positive,fr,20,,-1,2025-07-17,"UNKNOWN"
457,"Mindfulness and meditation benefits","","who.int",misc,NULL,UNKNOWN,96,3292,107,2024-01-18,"https://who.int/article-457"
458,"","Heart failure: chronic condition treatment medication lifestyle changes.","mayoclinic.org",general,UNKNOWN,UNKNOWN,181,185,51,2023-04-15,"https://mayoclinic.org/article-458"
459,"Malaria treatment advances","DUPLICATE TEST CONTENT for testing deduplication pipeline.","medicalnewstoday.com",geriatrics,negative,en,-8,1515,193,2024-09-27,"https://medicalnewstoday.com/article-459"
460,"Eye health and vision care","NULL","medicalnewstoday.com",research,UNKNOWN,en,128,3771,29,2024-01-09,"https://medicalnewstoday.com/article-460"
461,"### SPAM ### Buy medications online ###","","medscape.com",neurology,NULL,fr,234,6132,126,2025-11-15,"https://medscape.com/article-461"
462,"Obesity rates rising worldwide","<div><p>Blood sugar control: diet exercise medication monitoring regular checkups.</p></div>","cdc.gov",oncology,UNKNOWN,en,29,1057,26,2025-03-03,"https://cdc.gov/article-462"
463,"UTI prevention tips","","reddit.com",UNKNOWN,UNKNOWN,en,350,364,44,2024-10-09,"https://reddit.com/article-463"
464,"Prostate cancer new treatment!!!","<div><p>Crohns disease: inflammatory bowel disease medication surgery lifestyle.</p></div>","mayoclinic.org",rheumatology,UNKNOWN,es,186,3326,137,2023-05-04,"https://mayoclinic.org/article-464"
465,"Celiac disease gluten free diet","NULL","who.int",gynecology,positive,fr,231,835,187,2024-07-25,"https://who.int/article-465"
466,"","Lung cancer early detection saves lives. CT scan recommended for high risk patients.","reddit.com",general,positive,fr,92,3546,189,2023-05-25,"https://reddit.com/article-466"
467,"Infertility treatment options 2024","","NULL",pulmonology,positive,fr,379,5091,-1,2024-05-17,"NULL"
468,"Ovarian cancer screening","NULL","who.int",UNKNOWN,mixed,en,452,4847,45,2023-04-21,"https://who.int/article-468"
469,"Asthma treatment advances 2024 !!! ### )$","DUPLICATE TEST CONTENT for testing deduplication pipeline.","healthnews.com",infectious_disease,UNKNOWN,en,175,2011,11,2025-04-20,"https://healthnews.com/article-469"
470,"Polycystic ovary syndrome PCOS","Stroke prevention: control blood pressure cholesterol diabetes exercise regularly.","who.int",rheumatology,mixed,es,209,7697,174,2022-08-23,"https://who.int/article-470"
471,"Stroke prevention strategies","Hepatitis B C treatment: antiviral medications cure possible for hepatitis C.","medscape.com",NULL,positive,en,-9,6036,19,2023-10-06,"https://medscape.com/article-471"
472,"Lupus autoimmune disease treatment","Blood clot prevention: movement hydration compression stockings medication.","medicalnewstoday.com",pediatrics,NULL,en,2,2202,173,,"https://medicalnewstoday.com/article-472"
473,"Bone health and osteoporosis !!! ### )$","Iron deficiency anemia most common nutritional deficiency worldwide affects women.","nytimes.com",general,neutral,fr,269,7241,6,2025-01-16,"https://nytimes.com/article-473"
474,"Sleep problems in students","### SPAM ### Buy now!!! Click here!!!","nytimes.com",gynecology,NULL,en,496,2002,15,,"https://nytimes.com/article-474"
475,"Prostate cancer new treatment!!!","Addiction recovery: medication assisted treatment therapy support groups.","blog.random.net",UNKNOWN,negative,es,235,999,56,INVALID_DATE,"https://blog.random.net/article-475"
476,"Mindfulness and meditation benefits","<h1>Heart disease remains leading cause of death worldwide</h1>","nih.gov",neurology,UNKNOWN,en,137,7833,144,INVALID_DATE,"https://nih.gov/article-476"
477,"Immune system boost tips","NULL","medicalnewstoday.com",dermatology,positive,en,457,2363,105,2024-05-10,"https://medicalnewstoday.com/article-477"
478,"Menopause symptoms management","Addiction recovery: medication assisted treatment therapy support groups.","NULL",gynecology,negative,es,-2,8113,76,2024-02-01,"NULL"
479,"Multiple sclerosis treatment","","medscape.com",dermatology,NULL,en,136,2515,117,2022-11-17,"https://medscape.com/article-479"
480,"Sleep problems in students !!! ### )$","Iron deficiency anemia most common nutritional deficiency worldwide affects women.","nytimes.com",UNKNOWN,NULL,en,204,2461,116,2025-07-07,"https://nytimes.com/article-480"
481,"Exercise benefits for seniors","Liver disease prevention: avoid alcohol maintain healthy weight get vaccinated.","who.int",neurology,mixed,en,155,2524,184,INVALID_DATE,"https://who.int/article-481"
482,"Vitamin D deficiency symptoms","<div><p>Lupus: autoimmune disease affects multiple organs treatment medication.</p></div>","cdc.gov",rheumatology,positive,en,282,9633,95,2022-02-25,"https://cdc.gov/article-482"
483,"Endometriosis treatment advances","Hormonal imbalance symptoms: fatigue weight gain mood changes irregular periods.","cdc.gov",misc,positive,en,392,6902,193,2023-11-21,"https://cdc.gov/article-483"
484,"   ","Rheumatoid arthritis: autoimmune joint disease treatment biologics DMARDs.","twitter.com",research,mixed,NULL,365,3002,46,2023-09-13,"https://twitter.com/article-484"
485,"Tuberculosis prevention strategies","","who.int",general,positive,NULL,334,142,15,2025-07-18,"https://who.int/article-485"
486,"<div>Cholesterol tips</div>","Weight loss tips: calorie deficit exercise sleep stress management hydration.","blog.random.net",UNKNOWN,NULL,en,25,2510,23,2022-10-13,"https://blog.random.net/article-486"
487,"### SPAM ### Buy medications online ###","Healthy aging: exercise nutrition social connection mental stimulation sleep.","blog.random.net",geriatrics,positive,en,-2,4219,100,2022-06-13,"https://blog.random.net/article-487"
488,"Healthy aging strategies","","who.int",general,negative,en,374,3471,68,2025-09-14,"https://who.int/article-488"
489,"<div>Cholesterol tips</div>","<div><p>Parkinsons disease research shows promising results with new gene therapy approach.</p></div>","cdc.gov",endocrinology,mixed,en,119,5002,129,2022-02-12,"https://cdc.gov/article-489"
490,"Irritable bowel syndrome IBS","","bbc.com",pediatrics,UNKNOWN,en,388,4307,21,2025-04-12,"https://bbc.com/article-490"
491,"Eye health and vision care","Lupus: autoimmune disease affects multiple organs treatment medication.","N/A",infectious_disease,mixed,en,180,5974,199,,"N/A"
492,"Kidney disease management tips","Blood clot prevention: movement hydration compression stockings medication.","medicalnewstoday.com",gynecology,UNKNOWN,UNKNOWN,468,9927,141,INVALID_DATE,"https://medicalnewstoday.com/article-492"
493,"New antibiotic resistant bacteria","","reddit.com",research,neutral,en,367,6870,44,2024-03-22,"https://reddit.com/article-493"
494,"Hair loss causes and treatment","Malaria treatment: artemisinin combination therapy prevention mosquito nets.","healthline.com",endocrinology,NULL,NULL,440,7247,21,INVALID_DATE,"https://healthline.com/article-494"
495,"HIV AIDS latest research 2024","Depression and anxiety disorders affect 264 million people worldwide according to WHO.","healthline.com",endocrinology,mixed,en,495,1420,131,,"https://healthline.com/article-495"
496,"Pregnancy complications prevention","<p>Asthma treatment advances include new biologics for severe asthma patients.</p>","N/A",geriatrics,mixed,UNKNOWN,390,7800,8,INVALID_DATE,"N/A"
497,"Sepsis early detection strategies","Lupus: autoimmune disease affects multiple organs treatment medication.","N/A",geriatrics,positive,es,-2,6044,77,2024-09-23,"N/A"
498,"Liver disease prevention","NULL","cdc.gov",misc,negative,UNKNOWN,450,3843,159,2025-10-05,"https://cdc.gov/article-498"
499,"   ","<div><p>ADVERTISEMENT Buy cheap medications online no prescription needed</p></div>","reddit.com",gynecology,UNKNOWN,en,392,6957,3,2024-11-21,"https://reddit.com/article-499"
500,"Mindfulness and meditation benefits","Thyroid disease symptoms include fatigue weight changes mood swings hair loss.","blog.random.net",nutrition,neutral,en,345,1337,28,2023-03-07,"https://blog.random.net/article-500"
501,"Sleep problems in students !!! ### )$","Pneumonia treatment: antibiotics antivirals supportive care hospitalization.","who.int",nutrition,NULL,en,127,4313,182,2024-02-04,"https://who.int/article-501"
502,"<h2>Flu season 2024 warning</h2>","<div><p>ADVERTISEMENT Buy cheap medications online no prescription needed</p></div>","healthnews.com",misc,UNKNOWN,en,127,5728,70,INVALID_DATE,"https://healthnews.com/article-502"
503,"Obesity rates rising worldwide","NULL","cdc.gov",nephrology,NULL,fr,263,9871,10,2022-05-24,"https://cdc.gov/article-503"
504,"COVID-19 long term effects ###","","reuters.com",research,NULL,NULL,470,,179,2025-04-11,"https://reuters.com/article-504"
505,"Stroke prevention strategies","NULL","nih.gov",misc,mixed,es,394,6052,184,2025-04-03,"https://nih.gov/article-505"
506,"Liver disease prevention","","reddit.com",gastroenterology,NULL,NULL,70,9327,121,2024-07-02,"https://reddit.com/article-506"
507,"Healthy aging strategies","<div>Autism spectrum disorder research advances in early detection intervention.</div>","UNKNOWN",research,UNKNOWN,NULL,272,2154,64,2022-09-17,"UNKNOWN"
508,"   ","ADHD in children treatment includes medication behavioral therapy parent training.","medicalnewstoday.com",gynecology,UNKNOWN,es,496,9910,90,2025-07-25,"https://medicalnewstoday.com/article-508"
509,"Coronary artery disease prevention","NULL","webmd.com",neurology,mixed,en,489,4049,76,2025-04-13,"https://webmd.com/article-509"
510,"Bladder cancer early detection","<div><p>Tuberculosis prevention: BCG vaccine treatment antibiotics public health.</p></div>","reuters.com",gastroenterology,negative,en,174,753,121,2022-03-16,"https://reuters.com/article-510"
511,"Nutrition tips for heart health","Coronary artery disease: prevention diet exercise medication surgery.","who.int",pulmonology,NULL,en,492,4911,188,2024-09-26,"https://who.int/article-511"
512,"DUPLICATE TEST TITLE","<div><p>COVID-19 long term effects include fatigue brain fog shortness of breath ### noise</p></div>","webmd.com",general,positive,en,464,5186,162,2023-04-13,"https://webmd.com/article-512"
513,"Hormonal imbalance symptoms","<div><p>NULL</p></div>","medscape.com",general,mixed,fr,477,6047,87,2023-08-14,"https://medscape.com/article-513"
514,"Asthma treatment advances 2024","<div><p>Menopause symptoms: hot flashes night sweats mood changes bone loss.</p></div>","forbes.com",general,negative,de,333,9769,12,2025-06-22,"https://forbes.com/article-514"
515,"Mental health crisis in teens !!! ### )$","Exercise benefits for seniors include improved balance strength cognitive function.","bbc.com",infectious_disease,mixed,UNKNOWN,338,119,192,2023-01-17,"https://bbc.com/article-515"
516,"Children mental health issues","NULL","reddit.com",dermatology,NULL,en,375,9975,194,2023-01-02,"https://reddit.com/article-516"
517,"","Dental health tips: brush twice daily floss regularly visit dentist every 6 months.","medicalnewstoday.com",UNKNOWN,neutral,en,323,3632,176,2025-01-16,"https://medicalnewstoday.com/article-517"
518,"Insomnia treatment options","Nutrition tips for heart health: reduce sodium increase fiber eat healthy fats.","who.int",neurology,positive,en,370,,149,,"https://who.int/article-518"
519,"UTI prevention tips","Hormonal imbalance symptoms: fatigue weight gain mood changes irregular periods.","healthline.com",UNKNOWN,negative,de,65,9682,110,2024-05-14,"https://healthline.com/article-519"
520,"Addiction recovery strategies","PCOS polycystic ovary syndrome: hormonal disorder affecting reproductive health.","cdc.gov",infectious_disease,negative,UNKNOWN,340,9362,142,INVALID_DATE,"https://cdc.gov/article-520"
521,"   ","Obesity epidemic continues to grow in developed countries worldwide.","webmd.com",rheumatology,mixed,fr,449,7017,135,2024-06-09,"https://webmd.com/article-521"
522,"Thyroid disease symptoms","","bbc.com",gastroenterology,positive,UNKNOWN,165,6730,92,2025-04-27,"https://bbc.com/article-522"
523,"Nutrition tips for heart health","Liver disease prevention: avoid alcohol maintain healthy weight get vaccinated.","theguardian.com",rheumatology,UNKNOWN,en,407,2051,147,INVALID_DATE,"https://theguardian.com/article-523"
524,"NULL","","UNKNOWN",gynecology,mixed,UNKNOWN,493,7263,175,2023-01-10,"UNKNOWN"
525,"   ","UTI prevention: hydration hygiene cranberry probiotics antibiotics.","blog.random.net",geriatrics,positive,es,335,1255,59,2024-11-16,"https://blog.random.net/article-525"
526,"Bone health and osteoporosis","Epilepsy management: medication surgery diet therapy vagus nerve stimulation.","webmd.com",NULL,UNKNOWN,fr,-6,5070,25,2023-10-08,"https://webmd.com/article-526"
527,"Insomnia treatment options !!! ### )$","Eczema: atopic dermatitis treatment moisturizers topical steroids biologics.","webmd.com",neurology,positive,de,178,9732,131,2024-02-22,"https://webmd.com/article-527"
528,"Acne treatment for adults !!! ### )$","Eye health: regular exams UV protection nutrition screen time management.","nih.gov",infectious_disease,positive,fr,449,6385,49,2025-07-06,"https://nih.gov/article-528"
529,"DUPLICATE TEST TITLE","","webmd.com",pulmonology,neutral,en,329,338,81,2023-02-01,"https://webmd.com/article-529"
530,"Immune system boost tips","<div>Insomnia affects 30 percent of adults. Cognitive behavioral therapy most effective.</div>","webmd.com",geriatrics,NULL,es,14,6890,90,2022-01-06,"https://webmd.com/article-530"
531,"   ","NULL","blog.random.net",misc,positive,en,311,9895,122,2025-10-10,"https://blog.random.net/article-531"
532,"Menopause symptoms management","<div><p>Celiac disease: autoimmune condition triggered by gluten strict diet required.</p></div>","NULL",cardiology,neutral,en,167,5299,61,2024-02-10,"NULL"
533,"Cancer research breakthrough!!!","Psoriasis: skin condition treatment topical medications biologics phototherapy.","who.int",pediatrics,positive,fr,-7,3055,186,2023-06-11,"https://who.int/article-533"
534,"COPD chronic lung disease","Tuberculosis prevention: BCG vaccine treatment antibiotics public health.","reuters.com",NULL,UNKNOWN,fr,-3,8549,41,2024-04-11,"https://reuters.com/article-534"
535,"   ","Mental health crisis affecting teenagers globally. Depression rates up 30 percent.","UNKNOWN",general,NULL,en,116,2966,167,2022-09-21,"UNKNOWN"
536,"Crohns disease management","<div><p>ADVERTISEMENT Buy cheap medications online no prescription needed</p></div>","twitter.com",pediatrics,mixed,UNKNOWN,-10,7149,161,2023-09-17,"https://twitter.com/article-536"
537,"","Malaria treatment: artemisinin combination therapy prevention mosquito nets.","bbc.com",endocrinology,UNKNOWN,es,491,3383,89,2023-07-25,"https://bbc.com/article-537"
538,"Kidney disease management tips","Hair loss: androgenetic alopecia treatment minoxidil finasteride transplant.","medscape.com",gastroenterology,positive,de,194,,163,,"https://medscape.com/article-538"
539,"","Ovarian cancer: silent killer screening treatment surgery chemotherapy.","bbc.com",UNKNOWN,positive,fr,344,1145,118,2022-02-10,"https://bbc.com/article-539"
540,"Eating disorders treatment","Blood sugar control: diet exercise medication monitoring regular checkups.","nih.gov",UNKNOWN,positive,UNKNOWN,14,885,41,INVALID_DATE,"https://nih.gov/article-540"
541,"Acid reflux GERD treatment","NULL","nytimes.com",pulmonology,UNKNOWN,NULL,187,4831,174,2022-10-17,"https://nytimes.com/article-541"
542,"   ","Pregnancy complications: preeclampsia gestational diabetes preterm birth.","who.int",infectious_disease,negative,en,327,3830,73,2025-03-05,"https://who.int/article-542"
543,"Celiac disease gluten free diet","<div><p>Arthritis pain management includes physical therapy medication lifestyle changes.</p></div>","medscape.com",gastroenterology,neutral,en,208,1706,33,2024-08-24,"https://medscape.com/article-543"
544,"Crohns disease management","Lung cancer early detection saves lives. CT scan recommended for high risk patients.","cdc.gov",dermatology,positive,en,256,9905,190,,"https://cdc.gov/article-544"
545,"","Mindfulness meditation reduces stress anxiety depression improves wellbeing.","bbc.com",UNKNOWN,neutral,UNKNOWN,125,5778,149,2025-03-26,"https://bbc.com/article-545"
546,"","Weight loss tips: calorie deficit exercise sleep stress management hydration.","who.int",cardiology,negative,en,422,3090,72,2022-09-18,"https://who.int/article-546"
547,"Ovarian cancer screening","Obesity epidemic continues to grow in developed countries worldwide.","N/A",pulmonology,negative,es,350,2197,-1,,"N/A"
548,"Gut health and probiotics","<div>Insomnia affects 30 percent of adults. Cognitive behavioral therapy most effective.</div>","nytimes.com",oncology,mixed,de,95,9612,190,2022-06-10,"https://nytimes.com/article-548"
549,"Tuberculosis prevention strategies","","who.int",research,negative,es,44,4915,18,2025-01-02,"https://who.int/article-549"
550,"<div>Cholesterol tips</div>","NULL","webmd.com",neurology,mixed,en,215,8128,189,2024-06-23,"https://webmd.com/article-550"
551,"Hormonal imbalance symptoms","Lung cancer early detection saves lives. CT scan recommended for high risk patients.","medscape.com",endocrinology,neutral,NULL,342,7980,44,INVALID_DATE,"https://medscape.com/article-551"
552,"Hepatitis B and C treatment","<div><p>Breast cancer screening guidelines updated. Annual mammograms recommended from age 40.</p></div>","bbc.com",nutrition,positive,NULL,226,5017,145,2024-05-06,"https://bbc.com/article-552"
553,"Acne treatment for adults","","medscape.com",general,NULL,UNKNOWN,365,7826,68,2022-04-13,"https://medscape.com/article-553"
554,"Cancer research breakthrough!!!","<div><p>Kidney stones: prevention hydration diet medication lithotripsy surgery.</p></div>","forbes.com",nephrology,mixed,en,494,5080,169,2024-01-23,"https://forbes.com/article-554"
555,"Pneumonia treatment guidelines","","N/A",NULL,positive,en,146,3984,6,2024-02-09,"N/A"
556,"   ","Bone health osteoporosis prevention: calcium vitamin D weight bearing exercise.","reddit.com",research,negative,de,478,5430,-1,2025-09-13,"https://reddit.com/article-556"
557,"Addiction recovery strategies","<div><p>Malaria treatment: artemisinin combination therapy prevention mosquito nets.</p></div>","mayoclinic.org",pediatrics,NULL,NULL,454,7225,10,2025-06-27,"https://mayoclinic.org/article-557"
558,"Immune system boost tips","NULL","medscape.com",pulmonology,NULL,es,158,276,181,2025-01-23,"https://medscape.com/article-558"
559,"Lupus autoimmune disease treatment","Pneumonia treatment: antibiotics antivirals supportive care hospitalization.","blog.random.net",gynecology,negative,de,198,5868,145,INVALID_DATE,"https://blog.random.net/article-559"
560,"Pneumonia treatment guidelines !!! ### )$","High blood pressure hypertension affects 1 in 3 adults. New treatment options.","nih.gov",research,positive,en,8,3399,171,2025-05-05,"https://nih.gov/article-560"
561,"Immune system boost tips","Endometriosis treatment: pain management surgery hormone therapy.","reuters.com",misc,NULL,de,30,,50,,"https://reuters.com/article-561"
562,"NULL !!! ### )$","DUPLICATE TEST CONTENT for testing deduplication pipeline.","nytimes.com",neurology,positive,NULL,425,3365,140,2022-09-04,"https://nytimes.com/article-562"
563,"Arthritis pain management","Mental health crisis affecting teenagers globally. Depression rates up 30 percent.","twitter.com",infectious_disease,mixed,NULL,268,5708,110,2023-06-22,"https://twitter.com/article-563"
564,"Tuberculosis prevention strategies","Parkinsons disease research shows promising results with new gene therapy approach.","UNKNOWN",nutrition,positive,en,112,881,179,,"UNKNOWN"
565,"Bone health and osteoporosis","NULL","bbc.com",neurology,negative,en,248,555,23,2022-01-02,"https://bbc.com/article-565"
566,"   ","Addiction recovery: medication assisted treatment therapy support groups.","medicalnewstoday.com",mental_health,neutral,en,345,1635,72,2023-09-20,"https://medicalnewstoday.com/article-566"
567,"   ","Cancer research shows breakthrough in immunotherapy treatment.","blog.random.net",nutrition,neutral,en,187,8329,101,2025-04-15,"https://blog.random.net/article-567"
568,"Hormonal imbalance symptoms","Dental health tips: brush twice daily floss regularly visit dentist every 6 months.","forbes.com",nutrition,neutral,fr,-8,4485,139,2022-05-02,"https://forbes.com/article-568"
569,"Dental health tips for adults","<p>Asthma treatment advances include new biologics for severe asthma patients.</p>","cdc.gov",pediatrics,NULL,en,333,5388,86,,"https://cdc.gov/article-569"
570,"Iron deficiency anemia treatment","<div><p>Hair loss: androgenetic alopecia treatment minoxidil finasteride transplant.</p></div>","healthnews.com",endocrinology,neutral,fr,306,3033,98,2022-07-25,"https://healthnews.com/article-570"
571,"Blood sugar control strategies","NULL","cdc.gov",cardiology,positive,NULL,65,1745,144,2024-11-26,"https://cdc.gov/article-571"
572,"   ","<div><h2>Flu season 2024</h2><p>Health officials warn of severe flu season.</p></div>","reddit.com",geriatrics,mixed,NULL,103,6339,186,2024-10-26,"https://reddit.com/article-572"
573,"Blood clot prevention tips","<div><p>Crohns disease: inflammatory bowel disease medication surgery lifestyle.</p></div>","webmd.com",gastroenterology,NULL,es,50,3793,142,2023-02-26,"https://webmd.com/article-573"
574,"Pregnancy complications prevention","Hair loss: androgenetic alopecia treatment minoxidil finasteride transplant.","medscape.com",oncology,UNKNOWN,de,-6,5502,73,2023-08-23,"https://medscape.com/article-574"
575,"   ","Blood sugar control: diet exercise medication monitoring regular checkups.","NULL",nephrology,mixed,de,471,5782,133,2023-02-16,"NULL"
576,"Chronic pain management","<div>Autism spectrum disorder research advances in early detection intervention.</div>","healthline.com",infectious_disease,neutral,en,105,1582,43,INVALID_DATE,"https://healthline.com/article-576"
577,"","Vitamin D deficiency linked to depression immune dysfunction bone loss.","blog.random.net",NULL,mixed,en,234,3334,167,2024-02-15,"https://blog.random.net/article-577"
578,"Endometriosis treatment advances !!! ### )$","Malaria treatment: artemisinin combination therapy prevention mosquito nets.","bbc.com",pulmonology,negative,en,101,4850,100,2024-02-03,"https://bbc.com/article-578"
579,"Acne treatment for adults","","healthnews.com",endocrinology,NULL,NULL,309,8193,96,2024-02-06,"https://healthnews.com/article-579"
580,"Hormonal imbalance symptoms","Blood clot prevention: movement hydration compression stockings medication.","healthline.com",research,neutral,en,-6,5821,197,2023-01-09,"https://healthline.com/article-580"
581,"Kidney disease management tips","Dental health tips: brush twice daily floss regularly visit dentist every 6 months.","nih.gov",cardiology,positive,fr,482,9946,-1,INVALID_DATE,"https://nih.gov/article-581"
582,"Mental health crisis in teens","Skin cancer prevention: sunscreen protective clothing avoid tanning beds.","NULL",dermatology,positive,UNKNOWN,453,4741,54,INVALID_DATE,"NULL"
583,"Migraine headache causes and cures","Psoriasis: skin condition treatment topical medications biologics phototherapy.","N/A",neurology,mixed,en,97,3599,117,,"N/A"
584,"","Sepsis: life threatening infection early detection treatment critical.","mayoclinic.org",NULL,negative,en,447,4203,-1,2025-04-05,"https://mayoclinic.org/article-584"
585,"Epilepsy management strategies","Tuberculosis prevention: BCG vaccine treatment antibiotics public health.","bbc.com",UNKNOWN,NULL,en,120,1030,-1,2025-04-23,"https://bbc.com/article-585"
586,"Diabetes type 2 prevention tips","NULL","who.int",UNKNOWN,positive,es,45,7370,90,2022-09-12,"https://who.int/article-586"
587,"DUPLICATE TEST TITLE","Liver disease prevention: avoid alcohol maintain healthy weight get vaccinated.","mayoclinic.org",geriatrics,NULL,en,-3,4941,193,2022-06-15,"https://mayoclinic.org/article-587"
588,"New antibiotic resistant bacteria !!! ### )$","New antibiotic resistant bacteria strain discovered in hospital settings worldwide.","reuters.com",UNKNOWN,positive,en,193,492,100,2023-05-15,"https://reuters.com/article-588"
589,"Epilepsy management strategies","Hair loss: androgenetic alopecia treatment minoxidil finasteride transplant.","nih.gov",dermatology,NULL,UNKNOWN,323,7662,154,INVALID_DATE,"https://nih.gov/article-589"
590,"Heart disease risk factors ##","Stroke prevention: control blood pressure cholesterol diabetes exercise regularly.","NULL",nutrition,UNKNOWN,NULL,-6,5168,51,2023-04-07,"NULL"
591,"Tuberculosis prevention strategies","Gut health probiotics prebiotics fiber diet microbiome mental health connection.","N/A",cardiology,NULL,en,67,7048,123,,"N/A"
592,"   ","Gut health probiotics prebiotics fiber diet microbiome mental health connection.","reuters.com",oncology,mixed,NULL,261,8427,119,2025-08-03,"https://reuters.com/article-592"
593,"Gut health and probiotics","","medicalnewstoday.com",general,mixed,UNKNOWN,488,7950,148,2025-10-13,"https://medicalnewstoday.com/article-593"
594,"Acne treatment for adults","<div><p>Cholesterol management: diet exercise medication statins lifestyle changes.</p></div>","reddit.com",pediatrics,mixed,en,101,1922,133,2023-02-24,"https://reddit.com/article-594"
595,"Menopause symptoms management","COPD: chronic lung disease smoking cessation medication pulmonary rehab.","NULL",oncology,mixed,NULL,297,4979,80,INVALID_DATE,"NULL"
596,"","Rheumatoid arthritis: autoimmune joint disease treatment biologics DMARDs.","healthnews.com",neurology,negative,en,180,3182,177,2025-07-09,"https://healthnews.com/article-596"
597,"DUPLICATE TEST TITLE","","N/A",gynecology,UNKNOWN,en,477,5121,132,2022-08-10,"N/A"
598,"Obesity rates rising worldwide","Blood sugar control: diet exercise medication monitoring regular checkups.","reddit.com",endocrinology,positive,en,112,5104,3,,"https://reddit.com/article-598"
599,"Stroke prevention strategies","PCOS polycystic ovary syndrome: hormonal disorder affecting reproductive health.","theguardian.com",gynecology,NULL,de,424,2083,20,INVALID_DATE,"https://theguardian.com/article-599"
600,"Rheumatoid arthritis management","Hepatitis B C treatment: antiviral medications cure possible for hepatitis C.","twitter.com",pediatrics,mixed,NULL,-1,4096,104,2023-06-18,"https://twitter.com/article-600"
601,"Alzheimer disease new hope","Thyroid disease symptoms include fatigue weight changes mood swings hair loss.","bbc.com",nephrology,neutral,fr,-3,1628,168,2024-01-23,"https://bbc.com/article-601"
602,"Bone health and osteoporosis","NULL","cdc.gov",oncology,mixed,es,271,2927,72,2022-04-06,"https://cdc.gov/article-602"
603,"","<div>Autism spectrum disorder research advances in early detection intervention.</div>","who.int",oncology,mixed,en,74,6771,182,2024-05-11,"https://who.int/article-603"
604,"Parkinsons disease research","Bladder cancer: early detection treatment surgery chemotherapy immunotherapy.","forbes.com",endocrinology,UNKNOWN,NULL,469,3736,44,2023-05-22,"https://forbes.com/article-604"
605,"Menopause symptoms management","<div><p>Coronary artery disease: prevention diet exercise medication surgery.</p></div>","webmd.com",research,negative,en,5,1287,139,2025-10-19,"https://webmd.com/article-605"
606,"","<div><p>ADVERTISEMENT Buy cheap medications online no prescription needed</p></div>","theguardian.com",pediatrics,neutral,de,164,5695,77,2022-11-04,"https://theguardian.com/article-606"
607,"Breast cancer screening guidelines","Kidney disease management requires regular monitoring diet changes medication.","nytimes.com",endocrinology,positive,NULL,-5,4179,183,2022-05-09,"https://nytimes.com/article-607"
608,"HIV AIDS latest research 2024","NULL","UNKNOWN",dermatology,neutral,UNKNOWN,85,9578,93,2025-10-27,"UNKNOWN"
609,"","Eating disorders anorexia bulimia binge eating require professional treatment.","twitter.com",nephrology,negative,es,175,717,27,2022-05-12,"https://twitter.com/article-609"
610,"Mindfulness and meditation benefits","DUPLICATE TEST CONTENT for testing deduplication pipeline.","twitter.com",cardiology,mixed,en,491,4624,71,2023-01-23,"https://twitter.com/article-610"
611,"   ","Hepatitis B C treatment: antiviral medications cure possible for hepatitis C.","theguardian.com",pediatrics,mixed,en,386,3812,97,2024-05-16,"https://theguardian.com/article-611"
612,"Cholesterol management tips","Stress management: exercise meditation yoga deep breathing time management.","medscape.com",neurology,negative,es,-5,7572,151,2025-07-20,"https://medscape.com/article-612"
613,"","Chronic pain management requires multidisciplinary approach medication therapy.","blog.random.net",endocrinology,negative,en,289,8811,130,2023-10-27,"https://blog.random.net/article-613"
614,"   ","   ","twitter.com",nutrition,mixed,en,484,3979,2,2023-08-19,"https://twitter.com/article-614"
615,"Children mental health issues","<div><p>Rheumatoid arthritis: autoimmune joint disease treatment biologics DMARDs.</p></div>","who.int",UNKNOWN,NULL,es,134,1881,77,2024-09-22,"https://who.int/article-615"
616,"Hepatitis B and C treatment !!! ### )$","<p>Scientists discover new treatment for diabetes type 2. Results promising.</p>","who.int",research,negative,en,36,8216,153,2024-03-04,"https://who.int/article-616"
617,"Ovarian cancer screening !!! ### )$","Vitamin D deficiency linked to depression immune dysfunction bone loss.","blog.random.net",research,neutral,NULL,393,2974,196,2024-02-03,"https://blog.random.net/article-617"
618,"Pregnancy complications prevention","PCOS polycystic ovary syndrome: hormonal disorder affecting reproductive health.","reddit.com",misc,mixed,NULL,-5,7720,33,2022-02-05,"https://reddit.com/article-618"
619,"ADVERTISEMENT Best weight loss pill","NULL","NULL",oncology,mixed,en,316,9187,111,2023-03-17,"NULL"
620,"Psoriasis treatment advances 2024","","N/A",dermatology,neutral,es,456,210,135,2023-02-01,"N/A"
621,"","Prostate cancer new treatment shows 90 percent success rate in clinical trials!!!","healthline.com",pediatrics,NULL,en,469,9389,63,2024-07-25,"https://healthline.com/article-621"
622,"DUPLICATE TEST TITLE !!! ### )$","Bone health osteoporosis prevention: calcium vitamin D weight bearing exercise.","reddit.com",rheumatology,positive,UNKNOWN,326,9241,156,2023-06-13,"https://reddit.com/article-622"
623,"Acid reflux GERD treatment","Menopause symptoms: hot flashes night sweats mood changes bone loss.","medscape.com",endocrinology,positive,es,17,4529,153,INVALID_DATE,"https://medscape.com/article-623"
624,"   ","Pneumonia treatment: antibiotics antivirals supportive care hospitalization.","UNKNOWN",pulmonology,neutral,NULL,432,7412,-1,2025-02-04,"UNKNOWN"
625,"Nutrition tips for heart health","<div><p>Cholesterol management: diet exercise medication statins lifestyle changes.</p></div>","webmd.com",pulmonology,NULL,es,213,8620,171,2023-10-07,"https://webmd.com/article-625"
626,"   ","High blood pressure hypertension affects 1 in 3 adults. New treatment options.","theguardian.com",gynecology,NULL,de,289,5046,36,2022-09-14,"https://theguardian.com/article-626"
627,"Hormonal imbalance symptoms","","who.int",cardiology,positive,de,229,2627,16,2022-02-11,"https://who.int/article-627"
628,"Weight loss tips that work","<div>Insomnia affects 30 percent of adults. Cognitive behavioral therapy most effective.</div>","healthline.com",geriatrics,negative,en,-3,4788,-1,2024-08-14,"https://healthline.com/article-628"
629,"Menopause symptoms management","NULL","UNKNOWN",nutrition,NULL,en,58,6520,105,2022-10-16,"UNKNOWN"
630,"Thyroid disease symptoms","New vaccine approved showing 95 percent efficacy in clinical trials.","bbc.com",UNKNOWN,NULL,NULL,217,5182,79,2023-04-24,"https://bbc.com/article-630"
631,"Exercise benefits for seniors","<div>Autism spectrum disorder research advances in early detection intervention.</div>","healthnews.com",endocrinology,negative,fr,112,9364,21,2024-06-21,"https://healthnews.com/article-631"
632,"NULL","Nutrition tips for heart health: reduce sodium increase fiber eat healthy fats.","cdc.gov",mental_health,NULL,es,209,4971,7,,"https://cdc.gov/article-632"
633,"Kidney stones prevention tips","Arthritis pain management includes physical therapy medication lifestyle changes.","theguardian.com",mental_health,neutral,fr,205,6875,95,,"https://theguardian.com/article-633"
634,"Breast cancer screening guidelines","Migraine headaches affect 1 billion people worldwide. New treatments available.","nytimes.com",misc,UNKNOWN,en,-10,6995,55,2024-08-10,"https://nytimes.com/article-634"
635,"COPD chronic lung disease","Epilepsy management: medication surgery diet therapy vagus nerve stimulation.","webmd.com",misc,neutral,en,76,6744,79,2025-10-01,"https://webmd.com/article-635"
636,"Vitamin D deficiency symptoms","Liver disease prevention: avoid alcohol maintain healthy weight get vaccinated.","webmd.com",rheumatology,NULL,en,143,5337,42,,"https://webmd.com/article-636"
637,"<h2>Flu season 2024 warning</h2>","","bbc.com",gynecology,UNKNOWN,en,343,8983,23,2025-06-08,"https://bbc.com/article-637"
638,"Obesity rates rising worldwide !!! ### )$","Pneumonia treatment: antibiotics antivirals supportive care hospitalization.","bbc.com",NULL,negative,en,374,5263,11,2022-05-19,"https://bbc.com/article-638"
639,"Eye health and vision care","NULL","reuters.com",gynecology,mixed,de,83,4594,84,2022-08-26,"https://reuters.com/article-639"
640,"DUPLICATE TEST TITLE","Stroke prevention: control blood pressure cholesterol diabetes exercise regularly.","nytimes.com",general,positive,en,391,5745,133,INVALID_DATE,"https://nytimes.com/article-640"
641,"!!!BREAKING New virus detected!!!","<p>Asthma treatment advances include new biologics for severe asthma patients.</p>","nih.gov",pulmonology,UNKNOWN,UNKNOWN,77,,16,,"https://nih.gov/article-641"
642,"Rheumatoid arthritis management","<div>Autism spectrum disorder research advances in early detection intervention.</div>","nytimes.com",neurology,UNKNOWN,en,286,272,23,2022-04-13,"https://nytimes.com/article-642"
643,"Ovarian cancer screening","<p>Immune system boost: sleep well eat healthy exercise manage stress.</p>","forbes.com",gynecology,NULL,en,469,3771,10,INVALID_DATE,"https://forbes.com/article-643"
644,"Chronic pain management","Cancer research shows breakthrough in immunotherapy treatment.","nytimes.com",infectious_disease,mixed,fr,465,8382,107,INVALID_DATE,"https://nytimes.com/article-644"
645,"!!!BREAKING New virus detected!!!","High blood pressure hypertension affects 1 in 3 adults. New treatment options.","who.int",infectious_disease,positive,en,458,2462,37,INVALID_DATE,"https://who.int/article-645"
646,"Depression and anxiety in adults","<div><p>Stress management: exercise meditation yoga deep breathing time management.</p></div>","nih.gov",NULL,mixed,fr,251,6663,137,2023-05-17,"https://nih.gov/article-646"
647,"Exercise benefits for seniors","Pregnancy complications: preeclampsia gestational diabetes preterm birth.","bbc.com",misc,negative,fr,85,4903,145,2024-01-06,"https://bbc.com/article-647"
648,"<h2>Flu season 2024 warning</h2> !!! ### )$","<p>Immune system boost: sleep well eat healthy exercise manage stress.</p>","NULL",dermatology,UNKNOWN,en,199,3153,127,2023-03-07,"NULL"
649,"   ","Multiple sclerosis treatment advances include new disease modifying therapies.","nytimes.com",misc,UNKNOWN,en,95,8780,31,2022-08-13,"https://nytimes.com/article-649"
650,"Thyroid disease symptoms","Arthritis pain management includes physical therapy medication lifestyle changes.","reuters.com",pulmonology,neutral,fr,378,8413,155,2022-09-06,"https://reuters.com/article-650"
651,"Coronary artery disease prevention !!! ### )$","Kidney stones: prevention hydration diet medication lithotripsy surgery.","bbc.com",mental_health,positive,en,268,508,-1,2023-10-27,"https://bbc.com/article-651"
652,"   ","Stroke prevention: control blood pressure cholesterol diabetes exercise regularly.","medicalnewstoday.com",research,positive,en,489,7835,100,2024-01-08,"https://medicalnewstoday.com/article-652"
653,"   ","Ovarian cancer: silent killer screening treatment surgery chemotherapy.","mayoclinic.org",nutrition,NULL,es,318,1548,77,2022-04-01,"https://mayoclinic.org/article-653"
654,"Exercise benefits for seniors","<div><p>Dental health tips: brush twice daily floss regularly visit dentist every 6 months.</p></div>","N/A",pediatrics,NULL,en,233,2285,105,2024-09-18,"N/A"
655,"   ","Skin cancer prevention: sunscreen protective clothing avoid tanning beds.","healthline.com",pediatrics,negative,en,332,1878,139,2022-10-26,"https://healthline.com/article-655"
656,"<b>New diabetes treatment</b> !!! ### )$","UTI prevention: hydration hygiene cranberry probiotics antibiotics.","healthline.com",endocrinology,positive,NULL,213,9795,174,2025-06-20,"https://healthline.com/article-656"
657,"Coronary artery disease prevention","Blood sugar control: diet exercise medication monitoring regular checkups.","theguardian.com",neurology,neutral,en,40,5407,139,INVALID_DATE,"https://theguardian.com/article-657"
658,"Malaria treatment advances","<div><p>Iron deficiency anemia most common nutritional deficiency worldwide affects women.</p></div>","bbc.com",NULL,positive,de,383,,102,2022-03-22,"https://bbc.com/article-658"
659,"Stroke prevention strategies","Chronic pain management requires multidisciplinary approach medication therapy.","reuters.com",research,negative,UNKNOWN,488,2031,12,INVALID_DATE,"https://reuters.com/article-659"
660,"","UTI prevention: hydration hygiene cranberry probiotics antibiotics.","forbes.com",general,negative,en,9,7061,126,2023-06-26,"https://forbes.com/article-660"
661,"Hormonal imbalance symptoms","Liver disease prevention: avoid alcohol maintain healthy weight get vaccinated.","N/A",cardiology,positive,es,261,6191,118,2025-05-12,"N/A"
662,"<h2>Flu season 2024 warning</h2>","Migraine headaches affect 1 billion people worldwide. New treatments available.","UNKNOWN",nutrition,neutral,es,185,9435,94,INVALID_DATE,"UNKNOWN"
663,"!!!BREAKING New virus detected!!! !!! ### )$","Kidney disease management requires regular monitoring diet changes medication.","reddit.com",geriatrics,mixed,es,102,9043,42,2024-09-18,"https://reddit.com/article-663"
664,"Insomnia treatment options","Breast cancer screening guidelines updated. Annual mammograms recommended from age 40.","who.int",rheumatology,neutral,en,98,2236,168,INVALID_DATE,"https://who.int/article-664"
665,"Eye health and vision care","Depression and anxiety disorders affect 264 million people worldwide according to WHO.","reuters.com",UNKNOWN,mixed,en,261,8591,8,2022-01-03,"https://reuters.com/article-665"
666,"Celiac disease gluten free diet","","bbc.com",general,negative,en,195,2428,12,2024-06-22,"https://bbc.com/article-666"
667,"High blood pressure treatment","<div><p><p>Asthma treatment advances include new biologics for severe asthma patients.</p></p></div>","UNKNOWN",nutrition,negative,es,147,4776,192,2024-04-04,"UNKNOWN"
668,"Heart failure treatment options","","bbc.com",research,NULL,UNKNOWN,135,393,166,2024-03-11,"https://bbc.com/article-668"
669,"Polycystic ovary syndrome PCOS","<div>Insomnia affects 30 percent of adults. Cognitive behavioral therapy most effective.</div>","forbes.com",pulmonology,neutral,en,4,782,70,2023-04-06,"https://forbes.com/article-669"
670,"Obesity rates rising worldwide","<p>Scientists discover new treatment for diabetes type 2. Results promising.</p>","reuters.com",pediatrics,mixed,es,288,9160,10,INVALID_DATE,"https://reuters.com/article-670"
671,"Eating disorders treatment","COPD: chronic lung disease smoking cessation medication pulmonary rehab.","NULL",geriatrics,UNKNOWN,fr,-2,6344,150,2022-02-03,"NULL"
672,"Endometriosis treatment advances","NULL","UNKNOWN",gynecology,positive,en,293,404,58,2024-03-20,"UNKNOWN"
673,"Sleep problems in students","New vaccine approved showing 95 percent efficacy in clinical trials.","nytimes.com",misc,negative,en,-7,7926,77,2023-07-07,"https://nytimes.com/article-673"
674,"   ","New vaccine approved showing 95 percent efficacy in clinical trials.","healthnews.com",pulmonology,negative,NULL,314,7812,83,2025-07-11,"https://healthnews.com/article-674"
675,"Obesity rates rising worldwide","Eye health: regular exams UV protection nutrition screen time management.","NULL",dermatology,mixed,de,288,9386,85,INVALID_DATE,"NULL"
676,"Exercise benefits for seniors","","forbes.com",gynecology,UNKNOWN,en,286,1431,14,2025-08-16,"https://forbes.com/article-676"
677,"Stress management techniques","DUPLICATE TEST CONTENT for testing deduplication pipeline.","nytimes.com",dermatology,positive,en,94,3966,64,2025-08-19,"https://nytimes.com/article-677"
678,"Hepatitis B and C treatment","","bbc.com",nephrology,NULL,es,67,9896,147,2024-09-07,"https://bbc.com/article-678"
679,"Blood sugar control strategies !!! ### )$","Crohns disease: inflammatory bowel disease medication surgery lifestyle.","nytimes.com",rheumatology,UNKNOWN,UNKNOWN,476,1595,27,2022-10-07,"https://nytimes.com/article-679"
680,"Asthma treatment advances 2024","<div><p>Endometriosis treatment: pain management surgery hormone therapy.</p></div>","bbc.com",mental_health,UNKNOWN,en,321,7435,121,2025-01-06,"https://bbc.com/article-680"
681,"Stroke prevention strategies","","N/A",misc,mixed,en,188,9969,12,2024-09-10,"N/A"
682,"Heart disease risk factors ##","Hair loss: androgenetic alopecia treatment minoxidil finasteride transplant.","UNKNOWN",NULL,positive,en,343,5240,179,,"UNKNOWN"
683,"","Arthritis pain management includes physical therapy medication lifestyle changes.","webmd.com",mental_health,NULL,en,387,625,153,2023-09-10,"https://webmd.com/article-683"
684,"Malaria treatment advances","Parkinsons disease research shows promising results with new gene therapy approach.","nytimes.com",research,positive,NULL,119,1697,115,2022-08-14,"https://nytimes.com/article-684"
685,"DUPLICATE TEST TITLE","NULL","nytimes.com",infectious_disease,positive,UNKNOWN,63,6103,50,2024-11-10,"https://nytimes.com/article-685"
686,"Ovarian cancer screening","NULL","UNKNOWN",pulmonology,NULL,NULL,43,2738,9,2022-04-16,"UNKNOWN"
687,"Hair loss causes and treatment","Weight loss tips: calorie deficit exercise sleep stress management hydration.","reuters.com",oncology,UNKNOWN,de,378,7276,195,,"https://reuters.com/article-687"
688,"Bone health and osteoporosis","Weight loss tips: calorie deficit exercise sleep stress management hydration.","mayoclinic.org",rheumatology,neutral,en,260,7308,51,,"https://mayoclinic.org/article-688"
689,"Obesity rates rising worldwide !!! ### )$","COVID-19 long term effects include fatigue brain fog shortness of breath ### noise","nytimes.com",general,positive,es,143,86,193,2024-05-06,"https://nytimes.com/article-689"
690,"Dengue fever prevention tips","","healthline.com",rheumatology,negative,de,189,8153,40,2024-02-24,"https://healthline.com/article-690"
691,"Malaria treatment advances","Psoriasis: skin condition treatment topical medications biologics phototherapy.","healthnews.com",research,mixed,en,146,427,-1,,"https://healthnews.com/article-691"
692,"Iron deficiency anemia treatment","NULL","forbes.com",nutrition,negative,NULL,154,788,127,2025-04-09,"https://forbes.com/article-692"
693,"","Breast cancer screening guidelines updated. Annual mammograms recommended from age 40.","who.int",infectious_disease,NULL,fr,345,6501,172,2022-03-14,"https://who.int/article-693"
694,"   ","Cancer research shows breakthrough in immunotherapy treatment.","cdc.gov",UNKNOWN,mixed,es,387,1778,169,2023-03-17,"https://cdc.gov/article-694"
695,"UTI prevention tips !!! ### )$","DUPLICATE TEST CONTENT for testing deduplication pipeline.","medicalnewstoday.com",cardiology,positive,en,167,3371,177,2024-07-13,"https://medicalnewstoday.com/article-695"
696,"Pregnancy complications prevention","Dengue fever prevention: mosquito control no specific treatment supportive care.","N/A",misc,mixed,de,239,3000,184,,"N/A"
697,"New antibiotic resistant bacteria !!! ### )$","DUPLICATE TEST CONTENT for testing deduplication pipeline.","UNKNOWN",cardiology,UNKNOWN,en,63,4718,55,2022-07-24,"UNKNOWN"
698,"Heart failure treatment options","<h1>Heart disease remains leading cause of death worldwide</h1>","mayoclinic.org",pediatrics,positive,en,285,9400,77,INVALID_DATE,"https://mayoclinic.org/article-698"
699,"Mental health crisis in teens","","forbes.com",misc,negative,en,413,5283,57,2022-06-25,"https://forbes.com/article-699"
700,"DUPLICATE TEST TITLE","Iron deficiency anemia most common nutritional deficiency worldwide affects women.","blog.random.net",rheumatology,negative,UNKNOWN,349,8122,199,INVALID_DATE,"https://blog.random.net/article-700"
701,"UTI prevention tips","NULL","webmd.com",endocrinology,positive,en,301,5117,-1,2022-07-01,"https://webmd.com/article-701"
702,"Mindfulness and meditation benefits","Menopause symptoms: hot flashes night sweats mood changes bone loss.","reuters.com",neurology,UNKNOWN,es,446,1456,55,2024-09-17,"https://reuters.com/article-702"
703,"Menopause symptoms management","NULL","reuters.com",UNKNOWN,mixed,NULL,488,4948,-1,2024-03-07,"https://reuters.com/article-703"
704,"Skin cancer prevention tips","NULL","healthnews.com",dermatology,neutral,en,237,4295,15,2023-05-25,"https://healthnews.com/article-704"
705,"Asthma treatment advances 2024","Parkinsons disease research shows promising results with new gene therapy approach.","twitter.com",rheumatology,positive,NULL,27,4123,16,2024-05-23,"https://twitter.com/article-705"
706,"Chronic pain management","","healthnews.com",nephrology,mixed,en,273,1629,43,2023-02-05,"https://healthnews.com/article-706"
707,"Dengue fever prevention tips","NULL","twitter.com",mental_health,NULL,en,189,7027,119,2025-08-22,"https://twitter.com/article-707"
708,"Hormonal imbalance symptoms","COVID-19 long term effects include fatigue brain fog shortness of breath ### noise","twitter.com",UNKNOWN,mixed,en,90,9328,59,,"https://twitter.com/article-708"
709,"COVID-19 long term effects ###","DUPLICATE TEST CONTENT for testing deduplication pipeline.","who.int",gynecology,neutral,de,403,7810,148,INVALID_DATE,"https://who.int/article-709"
710,"   ","Heart failure: chronic condition treatment medication lifestyle changes.","nytimes.com",mental_health,mixed,de,124,2331,37,2023-06-22,"https://nytimes.com/article-710"
711,"Cancer research breakthrough!!!","ADHD in children treatment includes medication behavioral therapy parent training.","healthline.com",general,negative,NULL,229,7784,170,INVALID_DATE,"https://healthline.com/article-711"
712,"New antibiotic resistant bacteria","NULL","N/A",UNKNOWN,positive,de,334,6221,130,INVALID_DATE,"N/A"
713,"Mindfulness and meditation benefits","<div><p>Skin cancer prevention: sunscreen protective clothing avoid tanning beds.</p></div>","webmd.com",misc,mixed,es,75,2795,49,2023-04-04,"https://webmd.com/article-713"
714,"<b>New diabetes treatment</b>","Kidney disease management requires regular monitoring diet changes medication.","UNKNOWN",NULL,mixed,en,90,5225,179,2025-09-02,"UNKNOWN"
715,"!!!BREAKING New virus detected!!!","<div><p><p>Immune system boost: sleep well eat healthy exercise manage stress.</p></p></div>","nytimes.com",oncology,neutral,en,493,6638,-1,2022-02-22,"https://nytimes.com/article-715"
716,"Weight loss tips that work","New antibiotic resistant bacteria strain discovered in hospital settings worldwide.","N/A",nephrology,negative,en,327,7696,163,2025-05-04,"N/A"
717,"Hepatitis B and C treatment !!! ### )$","Nutrition tips for heart health: reduce sodium increase fiber eat healthy fats.","blog.random.net",neurology,NULL,UNKNOWN,112,7413,-1,2025-11-12,"https://blog.random.net/article-717"
718,"ADVERTISEMENT Best weight loss pill","<div>New covid wave detected in Europe. Cases rising fast!!!</div>","N/A",infectious_disease,positive,en,-10,7416,139,2024-09-14,"N/A"
719,"### SPAM ### Buy medications online ###","Multiple sclerosis treatment advances include new disease modifying therapies.","reuters.com",cardiology,NULL,NULL,144,3236,183,INVALID_DATE,"https://reuters.com/article-719"
720,"Rheumatoid arthritis management !!! ### )$","Stress management: exercise meditation yoga deep breathing time management.","twitter.com",neurology,positive,en,137,6003,137,2024-06-25,"https://twitter.com/article-720"
721,"Coronary artery disease prevention","PCOS polycystic ovary syndrome: hormonal disorder affecting reproductive health.","medscape.com",nephrology,NULL,NULL,179,2222,186,,"https://medscape.com/article-721"
722,"Rheumatoid arthritis management","Parkinsons disease research shows promising results with new gene therapy approach.","blog.random.net",mental_health,mixed,es,412,4480,123,2023-04-19,"https://blog.random.net/article-722"
723,"Pregnancy complications prevention","New antibiotic resistant bacteria strain discovered in hospital settings worldwide.","nih.gov",nutrition,neutral,en,2,4684,67,2025-06-02,"https://nih.gov/article-723"
724,"High blood pressure treatment","NULL","healthnews.com",pediatrics,NULL,en,143,1741,4,2022-06-16,"https://healthnews.com/article-724"
725,"Prostate cancer new treatment!!!","Multiple sclerosis treatment advances include new disease modifying therapies.","blog.random.net",geriatrics,mixed,en,-10,6426,107,2025-02-23,"https://blog.random.net/article-725"
726,"Sepsis early detection strategies","COVID-19 long term effects include fatigue brain fog shortness of breath ### noise","mayoclinic.org",pediatrics,mixed,en,-6,7073,150,2025-10-21,"https://mayoclinic.org/article-726"
727,"Multiple sclerosis treatment","Skin cancer prevention: sunscreen protective clothing avoid tanning beds.","forbes.com",nutrition,positive,en,465,2816,16,INVALID_DATE,"https://forbes.com/article-727"
728,"DUPLICATE TEST TITLE","<div><p><article>Children mental health issues rising post pandemic. Parents concerned.</article></p></div>","nytimes.com",neurology,UNKNOWN,en,278,6833,137,2022-01-27,"https://nytimes.com/article-728"
729,"Malaria treatment advances","","who.int",rheumatology,mixed,fr,465,8441,99,2022-06-06,"https://who.int/article-729"
730,"NULL","Addiction recovery: medication assisted treatment therapy support groups.","who.int",misc,UNKNOWN,NULL,-4,2765,-1,2023-02-22,"https://who.int/article-730"
731,"Heart disease risk factors ##","Lupus: autoimmune disease affects multiple organs treatment medication.","nytimes.com",infectious_disease,neutral,en,94,3888,179,INVALID_DATE,"https://nytimes.com/article-731"
732,"Acid reflux GERD treatment !!! ### )$","Mindfulness meditation reduces stress anxiety depression improves wellbeing.","nytimes.com",NULL,UNKNOWN,en,454,9049,185,2022-01-16,"https://nytimes.com/article-732"
733,"Kidney stones prevention tips","NULL","forbes.com",oncology,negative,fr,239,5673,70,2023-02-10,"https://forbes.com/article-733"
734,"Multiple sclerosis treatment","<div><p>Kidney disease management requires regular monitoring diet changes medication.</p></div>","who.int",misc,mixed,en,467,79,151,2023-07-21,"https://who.int/article-734"
735,"Weight loss tips that work","Pregnancy complications: preeclampsia gestational diabetes preterm birth.","who.int",neurology,mixed,de,58,4024,97,2022-11-20,"https://who.int/article-735"
736,"Acid reflux GERD treatment","<div><h2>Flu season 2024</h2><p>Health officials warn of severe flu season.</p></div>","bbc.com",general,positive,en,230,1815,134,2025-02-13,"https://bbc.com/article-736"
737,"Acne treatment for adults","Bladder cancer: early detection treatment surgery chemotherapy immunotherapy.","blog.random.net",gastroenterology,positive,UNKNOWN,217,8980,126,,"https://blog.random.net/article-737"
738,"Vitamin D deficiency symptoms","HIV AIDS research: new treatments improve life expectancy quality of life.","N/A",geriatrics,positive,es,-8,,147,2025-07-24,"N/A"
739,"Mental health crisis in teens","Malaria treatment: artemisinin combination therapy prevention mosquito nets.","theguardian.com",gynecology,NULL,en,-9,4741,1,2022-04-02,"https://theguardian.com/article-739"
740,"Sepsis early detection strategies","New antibiotic resistant bacteria strain discovered in hospital settings worldwide.","cdc.gov",neurology,neutral,fr,75,5860,101,2024-09-03,"https://cdc.gov/article-740"
741,"Pneumonia treatment guidelines !!! ### )$","Lupus: autoimmune disease affects multiple organs treatment medication.","blog.random.net",misc,NULL,en,328,,-1,2024-04-07,"https://blog.random.net/article-741"
742,"Skin cancer prevention tips","Obesity epidemic continues to grow in developed countries worldwide.","UNKNOWN",nutrition,UNKNOWN,en,-2,9438,49,2022-01-14,"UNKNOWN"
743,"!!!BREAKING New virus detected!!! !!! ### )$","Coronary artery disease: prevention diet exercise medication surgery.","twitter.com",nutrition,negative,en,328,7764,77,2025-04-21,"https://twitter.com/article-743"
744,"Chronic pain management","","healthnews.com",NULL,neutral,en,496,9244,141,2024-03-02,"https://healthnews.com/article-744"
745,"Kidney disease management tips !!! ### )$","<p>Scientists discover new treatment for diabetes type 2. Results promising.</p>","medscape.com",pediatrics,positive,en,405,6759,101,2022-08-25,"https://medscape.com/article-745"
746,"Infertility treatment options 2024","Pregnancy complications: preeclampsia gestational diabetes preterm birth.","twitter.com",UNKNOWN,NULL,en,393,3437,37,INVALID_DATE,"https://twitter.com/article-746"
747,"Autism spectrum disorder research !!! ### )$","Students suffer from sleep deprivation. Academic performance declining.","webmd.com",neurology,neutral,fr,490,4979,10,2023-10-08,"https://webmd.com/article-747"
748,"Coronary artery disease prevention","","reddit.com",endocrinology,positive,NULL,145,4111,102,2023-09-24,"https://reddit.com/article-748"
749,"   ","Malaria treatment: artemisinin combination therapy prevention mosquito nets.","UNKNOWN",research,neutral,fr,126,4828,35,2025-02-13,"UNKNOWN"
750,"Cancer research breakthrough!!!","","medicalnewstoday.com",geriatrics,NULL,UNKNOWN,5,2269,154,2023-01-01,"https://medicalnewstoday.com/article-750"
751,"COVID-19 long term effects ###","COPD: chronic lung disease smoking cessation medication pulmonary rehab.","bbc.com",gastroenterology,positive,en,-2,4403,158,2024-01-26,"https://bbc.com/article-751"
752,"Insomnia treatment options","<div><p>Ovarian cancer: silent killer screening treatment surgery chemotherapy.</p></div>","reddit.com",nutrition,neutral,en,92,3036,134,2025-09-16,"https://reddit.com/article-752"
753,"ADHD in children treatment","DUPLICATE TEST CONTENT for testing deduplication pipeline.","medscape.com",gynecology,UNKNOWN,fr,241,508,193,,"https://medscape.com/article-753"
754,"   ","Type 2 diabetes can be prevented with lifestyle changes diet exercise weight loss.","reddit.com",oncology,neutral,en,154,7057,5,2022-11-26,"https://reddit.com/article-754"
755,"Insomnia treatment options","New vaccine approved showing 95 percent efficacy in clinical trials.","webmd.com",dermatology,negative,NULL,84,,5,INVALID_DATE,"https://webmd.com/article-755"
756,"Menopause symptoms management","Multiple sclerosis treatment advances include new disease modifying therapies.","reuters.com",nephrology,negative,UNKNOWN,239,9623,177,INVALID_DATE,"https://reuters.com/article-756"
757,"DUPLICATE TEST TITLE","Blood sugar control: diet exercise medication monitoring regular checkups.","theguardian.com",mental_health,NULL,en,345,5145,-1,2025-07-23,"https://theguardian.com/article-757"
758,"Lupus autoimmune disease treatment","   ","UNKNOWN",NULL,negative,en,331,4773,58,2025-09-14,"UNKNOWN"
759,"Mindfulness and meditation benefits","","mayoclinic.org",misc,neutral,en,338,,-1,2025-09-13,"https://mayoclinic.org/article-759"
760,"   ","DUPLICATE TEST CONTENT for testing deduplication pipeline.","healthnews.com",mental_health,NULL,NULL,188,8168,-1,2025-05-19,"https://healthnews.com/article-760"
761,"Exercise benefits for seniors","### SPAM ### Buy now!!! Click here!!!","theguardian.com",UNKNOWN,UNKNOWN,es,90,,123,,"https://theguardian.com/article-761"
762,"Celiac disease gluten free diet","Stress management: exercise meditation yoga deep breathing time management.","N/A",mental_health,positive,es,285,2067,17,INVALID_DATE,"N/A"
763,"","Hair loss: androgenetic alopecia treatment minoxidil finasteride transplant.","reddit.com",geriatrics,NULL,en,263,271,7,2025-09-14,"https://reddit.com/article-763"
764,"   ","Ovarian cancer: silent killer screening treatment surgery chemotherapy.","theguardian.com",pulmonology,neutral,NULL,438,8788,95,2023-08-24,"https://theguardian.com/article-764"
765,"Cancer research breakthrough!!! !!! ### )$","Kidney disease management requires regular monitoring diet changes medication.","twitter.com",geriatrics,positive,UNKNOWN,329,7326,149,2025-08-10,"https://twitter.com/article-765"
766,"Epilepsy management strategies","","twitter.com",gynecology,negative,de,421,6239,15,2023-09-22,"https://twitter.com/article-766"
767,"HIV AIDS latest research 2024 !!! ### )$","Rheumatoid arthritis: autoimmune joint disease treatment biologics DMARDs.","nih.gov",geriatrics,positive,UNKNOWN,147,8604,42,2025-05-01,"https://nih.gov/article-767"
768,"Addiction recovery strategies","Iron deficiency anemia most common nutritional deficiency worldwide affects women.","medicalnewstoday.com",research,negative,en,-10,8125,65,2022-11-03,"https://medicalnewstoday.com/article-768"
769,"Pregnancy complications prevention","Iron deficiency anemia most common nutritional deficiency worldwide affects women.","who.int",mental_health,neutral,en,134,609,66,2025-03-22,"https://who.int/article-769"
770,"Acne treatment for adults","Heart failure: chronic condition treatment medication lifestyle changes.","medscape.com",geriatrics,UNKNOWN,de,37,7138,111,,"https://medscape.com/article-770"
771,"","Weight loss tips: calorie deficit exercise sleep stress management hydration.","nih.gov",pulmonology,NULL,en,126,2426,60,2023-11-04,"https://nih.gov/article-771"
772,"Children mental health issues","<div><p>Stroke prevention: control blood pressure cholesterol diabetes exercise regularly.</p></div>","N/A",geriatrics,mixed,fr,329,4630,113,2024-01-18,"N/A"
773,"Skin cancer prevention tips","Breast cancer screening guidelines updated. Annual mammograms recommended from age 40.","nytimes.com",NULL,positive,de,253,499,-1,2023-03-08,"https://nytimes.com/article-773"
774,"Celiac disease gluten free diet","<div><p><article>Children mental health issues rising post pandemic. Parents concerned.</article></p></div>","webmd.com",neurology,positive,es,353,7180,17,2023-11-11,"https://webmd.com/article-774"
775,"Healthy aging strategies","Epilepsy management: medication surgery diet therapy vagus nerve stimulation.","blog.random.net",oncology,neutral,UNKNOWN,17,5527,169,2023-11-11,"https://blog.random.net/article-775"
776,"Psoriasis treatment advances 2024","<div>Autism spectrum disorder research advances in early detection intervention.</div>","N/A",rheumatology,UNKNOWN,en,36,535,41,2022-07-08,"N/A"
777,"Psoriasis treatment advances 2024","NULL","who.int",NULL,NULL,es,35,4674,115,2024-06-18,"https://who.int/article-777"
778,"DUPLICATE TEST TITLE !!! ### )$","PCOS polycystic ovary syndrome: hormonal disorder affecting reproductive health.","webmd.com",neurology,positive,fr,134,4343,192,2022-11-16,"https://webmd.com/article-778"
779,"<b>New diabetes treatment</b> !!! ### )$","Multiple sclerosis treatment advances include new disease modifying therapies.","cdc.gov",geriatrics,UNKNOWN,de,425,9727,87,2024-09-23,"https://cdc.gov/article-779"
780,"UTI prevention tips","NULL","blog.random.net",dermatology,neutral,en,112,9899,172,2025-05-22,"https://blog.random.net/article-780"
781,"Polycystic ovary syndrome PCOS","Stress management: exercise meditation yoga deep breathing time management.","mayoclinic.org",endocrinology,neutral,en,41,2984,141,INVALID_DATE,"https://mayoclinic.org/article-781"
782,"Blood sugar control strategies","<div><p>High blood pressure hypertension affects 1 in 3 adults. New treatment options.</p></div>","theguardian.com",NULL,mixed,de,312,4400,62,2024-10-10,"https://theguardian.com/article-782"
783,"Gut health and probiotics","NULL","theguardian.com",endocrinology,NULL,UNKNOWN,216,3415,107,2023-06-02,"https://theguardian.com/article-783"
784,"Hepatitis B and C treatment","<div><p>DUPLICATE TEST CONTENT for testing deduplication pipeline.</p></div>","healthline.com",gastroenterology,neutral,fr,326,9893,164,2022-03-26,"https://healthline.com/article-784"
785,"Lung cancer early detection","","who.int",infectious_disease,UNKNOWN,en,61,2656,61,2022-09-20,"https://who.int/article-785"
786,"","Hormonal imbalance symptoms: fatigue weight gain mood changes irregular periods.","nih.gov",infectious_disease,positive,en,348,,77,2025-04-02,"https://nih.gov/article-786"
787,"","DUPLICATE TEST CONTENT for testing deduplication pipeline.","bbc.com",nephrology,mixed,de,432,1528,90,2023-09-04,"https://bbc.com/article-787"
788,"Healthy aging strategies","","UNKNOWN",neurology,positive,en,124,1697,28,2022-11-27,"UNKNOWN"
789,"Heart disease risk factors ##","Obesity epidemic continues to grow in developed countries worldwide.","NULL",general,neutral,en,130,4656,94,2025-05-09,"NULL"
790,"   ","Rheumatoid arthritis: autoimmune joint disease treatment biologics DMARDs.","medscape.com",mental_health,positive,es,87,3905,113,2024-08-01,"https://medscape.com/article-790"
791,"Weight loss tips that work","","medscape.com",nephrology,negative,es,380,779,43,2022-04-25,"https://medscape.com/article-791"
792,"","Exercise benefits for seniors include improved balance strength cognitive function.","nytimes.com",endocrinology,positive,es,158,2863,86,2025-01-22,"https://nytimes.com/article-792"
793,"Endometriosis treatment advances","Blood clot prevention: movement hydration compression stockings medication.","healthnews.com",NULL,neutral,en,294,5095,96,2024-07-16,"https://healthnews.com/article-793"
794,"Bladder cancer early detection","<div><p>Hormonal imbalance symptoms: fatigue weight gain mood changes irregular periods.</p></div>","webmd.com",UNKNOWN,negative,en,414,7897,107,2023-06-24,"https://webmd.com/article-794"
795,"Malaria treatment advances","Prostate cancer new treatment shows 90 percent success rate in clinical trials!!!","bbc.com",mental_health,mixed,UNKNOWN,348,1911,37,2022-05-23,"https://bbc.com/article-795"
796,"Menopause symptoms management","","nih.gov",general,mixed,fr,209,8592,26,2025-08-14,"https://nih.gov/article-796"
797,"Endometriosis treatment advances","<div><p>ADVERTISEMENT Buy cheap medications online no prescription needed</p></div>","forbes.com",misc,NULL,en,92,5059,112,,"https://forbes.com/article-797"
798,"   ","Rheumatoid arthritis: autoimmune joint disease treatment biologics DMARDs.","webmd.com",cardiology,neutral,UNKNOWN,92,4213,79,2023-06-10,"https://webmd.com/article-798"
799,"Blood clot prevention tips","NULL","NULL",general,mixed,fr,379,7118,160,2022-06-18,"NULL"
800,"Ovarian cancer screening","PCOS polycystic ovary syndrome: hormonal disorder affecting reproductive health.","mayoclinic.org",oncology,UNKNOWN,UNKNOWN,-2,5359,19,2023-02-12,"https://mayoclinic.org/article-800"
801,"   ","Prostate cancer new treatment shows 90 percent success rate in clinical trials!!!","twitter.com",gastroenterology,mixed,de,83,9601,176,2025-08-23,"https://twitter.com/article-801"
802,"   ","Chronic pain management requires multidisciplinary approach medication therapy.","cdc.gov",UNKNOWN,NULL,en,430,9623,111,2025-01-26,"https://cdc.gov/article-802"
803,"Skin cancer prevention tips !!! ### )$","Mindfulness meditation reduces stress anxiety depression improves wellbeing.","mayoclinic.org",gynecology,negative,de,245,6792,43,2023-09-13,"https://mayoclinic.org/article-803"
804,"Addiction recovery strategies","NULL","mayoclinic.org",mental_health,positive,UNKNOWN,347,6179,51,2022-03-06,"https://mayoclinic.org/article-804"
805,"Eating disorders treatment","Ovarian cancer: silent killer screening treatment surgery chemotherapy.","cdc.gov",infectious_disease,NULL,en,-5,941,50,2024-10-01,"https://cdc.gov/article-805"
806,"Bladder cancer early detection !!! ### )$","Bone health osteoporosis prevention: calcium vitamin D weight bearing exercise.","forbes.com",pediatrics,NULL,UNKNOWN,450,242,199,2022-10-07,"https://forbes.com/article-806"
807,"Kidney stones prevention tips","<div><p>Coronary artery disease: prevention diet exercise medication surgery.</p></div>","bbc.com",pediatrics,positive,en,30,1956,11,2025-10-15,"https://bbc.com/article-807"
808,"Eating disorders treatment","Nutrition tips for heart health: reduce sodium increase fiber eat healthy fats.","blog.random.net",nutrition,UNKNOWN,NULL,34,6352,11,2025-04-15,"https://blog.random.net/article-808"
809,"Prostate cancer new treatment!!!","<div>Insomnia affects 30 percent of adults. Cognitive behavioral therapy most effective.</div>","blog.random.net",nephrology,neutral,NULL,429,5074,183,,"https://blog.random.net/article-809"
810,"","Lupus: autoimmune disease affects multiple organs treatment medication.","medicalnewstoday.com",NULL,neutral,es,15,2642,21,2025-03-01,"https://medicalnewstoday.com/article-810"
811,"Pregnancy complications prevention","","theguardian.com",pulmonology,positive,de,388,5403,3,2023-05-20,"https://theguardian.com/article-811"
812,"","<p>Asthma treatment advances include new biologics for severe asthma patients.</p>","bbc.com",endocrinology,NULL,en,55,2141,22,2025-05-05,"https://bbc.com/article-812"
813,"   ","Psoriasis: skin condition treatment topical medications biologics phototherapy.","NULL",UNKNOWN,mixed,NULL,66,,164,2025-10-22,"NULL"
814,"Sepsis early detection strategies","","medicalnewstoday.com",mental_health,UNKNOWN,UNKNOWN,276,2806,-1,2025-10-17,"https://medicalnewstoday.com/article-814"
815,"   ","Type 2 diabetes can be prevented with lifestyle changes diet exercise weight loss.","healthnews.com",nutrition,negative,NULL,124,5558,78,2024-03-10,"https://healthnews.com/article-815"
816,"Dengue fever prevention tips","NULL","reuters.com",rheumatology,neutral,en,156,,28,,"https://reuters.com/article-816"
817,"Exercise benefits for seniors","","healthline.com",misc,neutral,de,56,1983,70,2023-01-25,"https://healthline.com/article-817"
818,"Obesity rates rising worldwide","","healthline.com",pulmonology,mixed,fr,178,2971,147,2022-08-16,"https://healthline.com/article-818"
819,"   ","Coronary artery disease: prevention diet exercise medication surgery.","forbes.com",pulmonology,negative,UNKNOWN,303,4443,17,2025-07-20,"https://forbes.com/article-819"
820,"","Arthritis pain management includes physical therapy medication lifestyle changes.","healthnews.com",general,UNKNOWN,en,355,4543,125,2024-06-26,"https://healthnews.com/article-820"
821,"Heart failure treatment options","","medicalnewstoday.com",cardiology,UNKNOWN,en,157,3728,-1,2022-09-02,"https://medicalnewstoday.com/article-821"
822,"New antibiotic resistant bacteria","","cdc.gov",mental_health,positive,en,67,2804,-1,2024-06-15,"https://cdc.gov/article-822"
823,"Asthma treatment advances 2024","Rheumatoid arthritis: autoimmune joint disease treatment biologics DMARDs.","forbes.com",UNKNOWN,positive,NULL,-3,2964,106,2023-08-20,"https://forbes.com/article-823"
824,"Hormonal imbalance symptoms","<p>Immune system boost: sleep well eat healthy exercise manage stress.</p>","webmd.com",gynecology,mixed,NULL,413,3327,108,,"https://webmd.com/article-824"
825,"   ","DUPLICATE TEST CONTENT for testing deduplication pipeline.","cdc.gov",cardiology,neutral,fr,123,5474,143,2022-07-11,"https://cdc.gov/article-825"
826,"Insomnia treatment options","COVID-19 long term effects include fatigue brain fog shortness of breath ### noise","UNKNOWN",gastroenterology,neutral,de,292,7729,132,2023-05-05,"UNKNOWN"
827,"Autism spectrum disorder research","Iron deficiency anemia most common nutritional deficiency worldwide affects women.","healthnews.com",gynecology,UNKNOWN,UNKNOWN,-5,326,63,2022-02-05,"https://healthnews.com/article-827"
828,"Infertility treatment options 2024 !!! ### )$","NULL","nih.gov",neurology,UNKNOWN,en,428,4707,77,2025-09-14,"https://nih.gov/article-828"
829,"Acne treatment for adults","Weight loss tips: calorie deficit exercise sleep stress management hydration.","reddit.com",NULL,positive,fr,408,4600,161,INVALID_DATE,"https://reddit.com/article-829"
830,"","<div>New covid wave detected in Europe. Cases rising fast!!!</div>","N/A",geriatrics,positive,en,56,8058,-1,2025-01-12,"N/A"
831,"Dengue fever prevention tips !!! ### )$","Addiction recovery: medication assisted treatment therapy support groups.","nih.gov",misc,negative,fr,263,3500,168,2024-01-12,"https://nih.gov/article-831"
832,"Children mental health issues","PCOS polycystic ovary syndrome: hormonal disorder affecting reproductive health.","healthline.com",endocrinology,NULL,fr,29,201,26,2025-02-05,"https://healthline.com/article-832"
833,"Multiple sclerosis treatment","NULL","forbes.com",geriatrics,positive,en,85,2013,17,2024-11-06,"https://forbes.com/article-833"
834,"Weight loss tips that work","Menopause symptoms: hot flashes night sweats mood changes bone loss.","healthnews.com",misc,mixed,en,303,2826,-1,,"https://healthnews.com/article-834"
835,"Breast cancer screening guidelines","","theguardian.com",infectious_disease,negative,NULL,273,3359,55,2025-06-13,"https://theguardian.com/article-835"
836,"### SPAM ### Buy medications online ###","Chronic pain management requires multidisciplinary approach medication therapy.","nytimes.com",general,UNKNOWN,NULL,426,7586,2,,"https://nytimes.com/article-836"
837,"Kidney disease management tips","<div><p>Hepatitis B C treatment: antiviral medications cure possible for hepatitis C.</p></div>","UNKNOWN",gastroenterology,mixed,en,372,1495,101,2023-09-24,"UNKNOWN"
838,"","Tuberculosis prevention: BCG vaccine treatment antibiotics public health.","who.int",nephrology,neutral,en,133,2907,79,2023-03-10,"https://who.int/article-838"
839,"<h2>Flu season 2024 warning</h2>","Migraine headaches affect 1 billion people worldwide. New treatments available.","reddit.com",NULL,negative,NULL,108,2633,169,2022-03-16,"https://reddit.com/article-839"
840,"Lupus autoimmune disease treatment","<div><p>Dengue fever prevention: mosquito control no specific treatment supportive care.</p></div>","mayoclinic.org",rheumatology,positive,en,401,7421,34,2024-07-06,"https://mayoclinic.org/article-840"
841,"Skin cancer prevention tips","<div><p>Arthritis pain management includes physical therapy medication lifestyle changes.</p></div>","N/A",gastroenterology,positive,en,147,8685,175,2023-08-15,"N/A"
842,"Ovarian cancer screening","<h1>Heart disease remains leading cause of death worldwide</h1>","reuters.com",dermatology,NULL,NULL,218,1238,46,2025-09-24,"https://reuters.com/article-842"
843,"Iron deficiency anemia treatment","Healthy aging: exercise nutrition social connection mental stimulation sleep.","healthnews.com",misc,neutral,fr,442,1268,10,2022-07-07,"https://healthnews.com/article-843"
844,"DUPLICATE TEST TITLE","Gut health probiotics prebiotics fiber diet microbiome mental health connection.","nih.gov",pulmonology,positive,en,135,3340,166,,"https://nih.gov/article-844"
845,"Arthritis pain management","NULL","cdc.gov",endocrinology,UNKNOWN,NULL,55,8934,167,2025-01-13,"https://cdc.gov/article-845"
846,"","<p>Scientists discover new treatment for diabetes type 2. Results promising.</p>","cdc.gov",geriatrics,neutral,en,121,8553,58,2024-09-03,"https://cdc.gov/article-846"
847,"Menopause symptoms management","NULL","mayoclinic.org",misc,NULL,en,474,6376,86,2022-06-14,"https://mayoclinic.org/article-847"
848,"Heart failure treatment options","","forbes.com",oncology,mixed,NULL,164,5238,7,2024-09-12,"https://forbes.com/article-848"
849,"Stroke prevention strategies","<div><p>Liver disease prevention: avoid alcohol maintain healthy weight get vaccinated.</p></div>","NULL",nephrology,neutral,en,231,4020,-1,2025-09-24,"NULL"
850,"   ","   ","twitter.com",gynecology,positive,en,303,,18,2022-06-04,"https://twitter.com/article-850"
851,"Malaria treatment advances !!! ### )$","Menopause symptoms: hot flashes night sweats mood changes bone loss.","blog.random.net",gynecology,mixed,en,376,3484,122,2022-01-17,"https://blog.random.net/article-851"
852,"","HIV AIDS research: new treatments improve life expectancy quality of life.","cdc.gov",dermatology,UNKNOWN,en,341,4959,98,2022-03-27,"https://cdc.gov/article-852"
853,"Crohns disease management","NULL","blog.random.net",UNKNOWN,negative,en,414,8553,64,2025-06-21,"https://blog.random.net/article-853"
854,"Sleep problems in students","NULL","bbc.com",oncology,negative,en,90,8741,0,2023-10-16,"https://bbc.com/article-854"
855,"Polycystic ovary syndrome PCOS","Nutrition tips for heart health: reduce sodium increase fiber eat healthy fats.","UNKNOWN",general,NULL,en,-3,7633,24,2023-08-10,"UNKNOWN"
856,"   ","New antibiotic resistant bacteria strain discovered in hospital settings worldwide.","medicalnewstoday.com",NULL,neutral,en,207,8928,95,2023-03-01,"https://medicalnewstoday.com/article-856"
857,"   ","Blood sugar control: diet exercise medication monitoring regular checkups.","UNKNOWN",infectious_disease,positive,NULL,131,,191,2025-07-08,"UNKNOWN"
858,"Blood clot prevention tips","<div><p>Type 2 diabetes can be prevented with lifestyle changes diet exercise weight loss.</p></div>","who.int",nephrology,UNKNOWN,en,488,,51,2023-10-09,"https://who.int/article-858"
859,"Infertility treatment options 2024","","theguardian.com",geriatrics,neutral,es,370,2731,13,2023-09-11,"https://theguardian.com/article-859"
860,"Dengue fever prevention tips","<div><p>Alzheimers disease affects 50 million people worldwide. New hope from research.</p></div>","medscape.com",pediatrics,NULL,en,87,3305,198,2023-07-07,"https://medscape.com/article-860"
861,"Lung cancer early detection","Gut health probiotics prebiotics fiber diet microbiome mental health connection.","healthline.com",oncology,neutral,en,285,6052,174,,"https://healthline.com/article-861"
862,"Kidney disease management tips","Menopause symptoms: hot flashes night sweats mood changes bone loss.","who.int",oncology,positive,UNKNOWN,194,8243,176,,"https://who.int/article-862"
863,"Kidney disease management tips","<div><p><p>Scientists discover new treatment for diabetes type 2. Results promising.</p></p></div>","healthline.com",nutrition,UNKNOWN,en,436,5355,157,2022-03-05,"https://healthline.com/article-863"
864,"Heart disease risk factors ##","NULL","reuters.com",rheumatology,UNKNOWN,fr,73,5043,32,2023-05-25,"https://reuters.com/article-864"
865,"Parkinsons disease research","<div><p>Hair loss: androgenetic alopecia treatment minoxidil finasteride transplant.</p></div>","healthline.com",rheumatology,mixed,en,474,3841,76,2025-01-13,"https://healthline.com/article-865"
866,"Heart failure treatment options !!! ### )$","Students suffer from sleep deprivation. Academic performance declining.","nih.gov",cardiology,negative,en,445,9556,197,2024-09-11,"https://nih.gov/article-866"
867,"Polycystic ovary syndrome PCOS !!! ### )$","Cholesterol management: diet exercise medication statins lifestyle changes.","reuters.com",rheumatology,positive,es,105,9165,18,2023-10-07,"https://reuters.com/article-867"
868,"Dental health tips for adults !!! ### )$","Tuberculosis prevention: BCG vaccine treatment antibiotics public health.","theguardian.com",oncology,positive,es,42,602,-1,2022-03-22,"https://theguardian.com/article-868"
869,"   ","<h1>Heart disease remains leading cause of death worldwide</h1>","UNKNOWN",cardiology,positive,en,157,864,178,2024-03-09,"UNKNOWN"
870,"Acid reflux GERD treatment !!! ### )$","Blood clot prevention: movement hydration compression stockings medication.","nytimes.com",neurology,neutral,NULL,397,7230,60,2023-03-08,"https://nytimes.com/article-870"
871,"Exercise benefits for seniors !!! ### )$","Sepsis: life threatening infection early detection treatment critical.","forbes.com",mental_health,negative,NULL,355,2312,-1,2025-10-10,"https://forbes.com/article-871"
872,"Healthy aging strategies","<div><p>ADVERTISEMENT Buy cheap medications online no prescription needed</p></div>","blog.random.net",nutrition,UNKNOWN,en,294,5404,151,INVALID_DATE,"https://blog.random.net/article-872"
873,"   ","Cholesterol management: diet exercise medication statins lifestyle changes.","blog.random.net",dermatology,negative,es,345,7020,89,2022-01-21,"https://blog.random.net/article-873"
874,"HIV AIDS latest research 2024","Healthy aging: exercise nutrition social connection mental stimulation sleep.","reddit.com",gynecology,neutral,en,152,,45,,"https://reddit.com/article-874"
875,"NULL","Healthy aging: exercise nutrition social connection mental stimulation sleep.","nih.gov",nutrition,neutral,en,184,4936,-1,,"https://nih.gov/article-875"
876,"New vaccine approved by FDA!!!","PCOS polycystic ovary syndrome: hormonal disorder affecting reproductive health.","theguardian.com",misc,mixed,de,467,3550,61,,"https://theguardian.com/article-876"
877,"Acid reflux GERD treatment","<div>New covid wave detected in Europe. Cases rising fast!!!</div>","webmd.com",neurology,mixed,en,-1,3308,190,2024-06-15,"https://webmd.com/article-877"
878,"Stroke prevention strategies","<div>New covid wave detected in Europe. Cases rising fast!!!</div>","nytimes.com",UNKNOWN,mixed,en,170,574,18,INVALID_DATE,"https://nytimes.com/article-878"
879,"Blood clot prevention tips","Iron deficiency anemia most common nutritional deficiency worldwide affects women.","UNKNOWN",gynecology,mixed,de,462,9793,8,2022-08-05,"UNKNOWN"
880,"   ","Acne treatment: topical retinoids antibiotics hormonal therapy isotretinoin.","mayoclinic.org",nutrition,mixed,en,274,853,8,2024-04-11,"https://mayoclinic.org/article-880"
881,"Hepatitis B and C treatment","","healthnews.com",infectious_disease,negative,en,374,7725,33,2022-11-02,"https://healthnews.com/article-881"
882,"   ","Addiction recovery: medication assisted treatment therapy support groups.","nytimes.com",endocrinology,positive,en,115,9734,172,2023-09-22,"https://nytimes.com/article-882"
883,"New antibiotic resistant bacteria","","reuters.com",nephrology,UNKNOWN,en,123,7789,57,2023-05-11,"https://reuters.com/article-883"
884,"Dental health tips for adults","","theguardian.com",general,positive,en,76,2405,47,2022-04-25,"https://theguardian.com/article-884"
885,"Bladder cancer early detection","Prostate cancer new treatment shows 90 percent success rate in clinical trials!!!","mayoclinic.org",rheumatology,NULL,en,-7,8623,5,2023-05-06,"https://mayoclinic.org/article-885"
886,"Hair loss causes and treatment","","cdc.gov",nephrology,negative,en,146,8317,153,2023-02-01,"https://cdc.gov/article-886"
887,"Insomnia treatment options","","twitter.com",nutrition,NULL,de,277,5478,68,2024-03-20,"https://twitter.com/article-887"
888,"Endometriosis treatment advances","<div><h2>Flu season 2024</h2><p>Health officials warn of severe flu season.</p></div>","cdc.gov",infectious_disease,mixed,de,290,1731,1,2024-06-05,"https://cdc.gov/article-888"
889,"Healthy aging strategies !!! ### )$","Students suffer from sleep deprivation. Academic performance declining.","reddit.com",geriatrics,UNKNOWN,NULL,298,5614,89,2024-03-19,"https://reddit.com/article-889"
890,"Stroke prevention strategies","NULL","medicalnewstoday.com",UNKNOWN,positive,de,216,4664,-1,2024-06-15,"https://medicalnewstoday.com/article-890"
891,"COPD chronic lung disease !!! ### )$","Skin cancer prevention: sunscreen protective clothing avoid tanning beds.","twitter.com",neurology,UNKNOWN,es,450,485,95,2024-05-20,"https://twitter.com/article-891"
892,"Vitamin D deficiency symptoms","<div><p>Endometriosis treatment: pain management surgery hormone therapy.</p></div>","NULL",gynecology,mixed,es,74,6407,92,2025-09-11,"NULL"
893,"Stroke prevention strategies","Cancer research shows breakthrough in immunotherapy treatment.","mayoclinic.org",pulmonology,positive,NULL,462,2817,10,INVALID_DATE,"https://mayoclinic.org/article-893"
894,"NULL","","UNKNOWN",endocrinology,neutral,en,424,1849,109,2024-06-24,"UNKNOWN"
895,"Heart failure treatment options","<div><p>Menopause symptoms: hot flashes night sweats mood changes bone loss.</p></div>","medicalnewstoday.com",UNKNOWN,neutral,UNKNOWN,146,3635,131,2022-04-05,"https://medicalnewstoday.com/article-895"
896,"ADVERTISEMENT Best weight loss pill","   ","N/A",dermatology,NULL,es,55,9795,153,2022-11-01,"N/A"
897,"ADHD in children treatment","### SPAM ### Buy now!!! Click here!!!","medicalnewstoday.com",neurology,positive,NULL,-3,406,21,2022-06-02,"https://medicalnewstoday.com/article-897"
898,"Rheumatoid arthritis management","ADHD in children treatment includes medication behavioral therapy parent training.","healthnews.com",dermatology,mixed,en,29,7645,119,,"https://healthnews.com/article-898"
899,"Endometriosis treatment advances","Students suffer from sleep deprivation. Academic performance declining.","NULL",neurology,positive,en,-3,8087,169,2024-05-04,"NULL"
900,"Mindfulness and meditation benefits","NULL","medscape.com",cardiology,UNKNOWN,UNKNOWN,480,1502,27,2022-08-11,"https://medscape.com/article-900"
901,"Blood sugar control strategies","COPD: chronic lung disease smoking cessation medication pulmonary rehab.","reuters.com",gynecology,UNKNOWN,de,-5,4157,135,2025-11-26,"https://reuters.com/article-901"
902,"Nutrition tips for heart health","Hair loss: androgenetic alopecia treatment minoxidil finasteride transplant.","webmd.com",endocrinology,NULL,en,-7,9772,109,2024-03-13,"https://webmd.com/article-902"
903,"High blood pressure treatment","","NULL",geriatrics,neutral,de,272,1749,96,2025-01-09,"NULL"
904,"   ","Eye health: regular exams UV protection nutrition screen time management.","UNKNOWN",general,positive,en,66,6396,132,2024-11-01,"UNKNOWN"
905,"Blood sugar control strategies","NULL","theguardian.com",UNKNOWN,UNKNOWN,en,371,5068,0,2024-03-17,"https://theguardian.com/article-905"
906,"   ","Endometriosis treatment: pain management surgery hormone therapy.","healthline.com",mental_health,positive,en,371,2285,153,2023-01-22,"https://healthline.com/article-906"
907,"Exercise benefits for seniors","NULL","cdc.gov",general,neutral,fr,415,9906,199,2023-06-19,"https://cdc.gov/article-907"
908,"","Rheumatoid arthritis: autoimmune joint disease treatment biologics DMARDs.","healthline.com",endocrinology,NULL,en,301,9492,90,2024-02-14,"https://healthline.com/article-908"
909,"Kidney disease management tips","Dental health tips: brush twice daily floss regularly visit dentist every 6 months.","N/A",research,neutral,en,150,4629,64,INVALID_DATE,"N/A"
910,"Healthy aging strategies","Eating disorders anorexia bulimia binge eating require professional treatment.","NULL",rheumatology,mixed,en,58,4451,132,,"NULL"
911,"","<div>New covid wave detected in Europe. Cases rising fast!!!</div>","twitter.com",oncology,mixed,es,36,6305,177,2024-08-24,"https://twitter.com/article-911"
912,"Weight loss tips that work !!! ### )$","### SPAM ### Buy now!!! Click here!!!","twitter.com",endocrinology,neutral,en,330,3940,143,2025-06-09,"https://twitter.com/article-912"
913,"   ","COPD: chronic lung disease smoking cessation medication pulmonary rehab.","cdc.gov",cardiology,mixed,NULL,126,9801,11,2024-08-04,"https://cdc.gov/article-913"
914,"Rheumatoid arthritis management","COVID-19 long term effects include fatigue brain fog shortness of breath ### noise","healthline.com",pulmonology,positive,en,250,1769,155,2022-06-27,"https://healthline.com/article-914"
915,"DUPLICATE TEST TITLE","DUPLICATE TEST CONTENT for testing deduplication pipeline.","medscape.com",nutrition,positive,en,205,3629,-1,INVALID_DATE,"https://medscape.com/article-915"
916,"New vaccine approved by FDA!!! !!! ### )$","Skin cancer prevention: sunscreen protective clothing avoid tanning beds.","nih.gov",UNKNOWN,positive,fr,300,2104,105,2023-09-03,"https://nih.gov/article-916"
917,"Pregnancy complications prevention","Liver disease prevention: avoid alcohol maintain healthy weight get vaccinated.","mayoclinic.org",neurology,positive,es,206,9810,96,INVALID_DATE,"https://mayoclinic.org/article-917"
918,"New vaccine approved by FDA!!!","<div><p>DUPLICATE TEST CONTENT for testing deduplication pipeline.</p></div>","healthnews.com",research,neutral,fr,287,7505,119,2025-10-21,"https://healthnews.com/article-918"
919,"Depression and anxiety in adults","Iron deficiency anemia most common nutritional deficiency worldwide affects women.","NULL",NULL,positive,es,132,7509,144,INVALID_DATE,"NULL"
920,"Asthma treatment advances 2024","Ovarian cancer: silent killer screening treatment surgery chemotherapy.","medicalnewstoday.com",general,mixed,en,367,8064,128,,"https://medicalnewstoday.com/article-920"
921,"   ","Tuberculosis prevention: BCG vaccine treatment antibiotics public health.","bbc.com",nephrology,negative,en,89,4427,45,2025-08-16,"https://bbc.com/article-921"
922,"Depression and anxiety in adults !!! ### )$","New antibiotic resistant bacteria strain discovered in hospital settings worldwide.","reuters.com",mental_health,neutral,en,94,8404,-1,2023-01-26,"https://reuters.com/article-922"
923,"ADVERTISEMENT Best weight loss pill","","webmd.com",oncology,NULL,en,484,5449,84,2023-08-12,"https://webmd.com/article-923"
924,"Diabetes type 2 prevention tips","","webmd.com",general,neutral,en,371,1402,-1,2022-11-21,"https://webmd.com/article-924"
925,"Tuberculosis prevention strategies !!! ### )$","Tuberculosis prevention: BCG vaccine treatment antibiotics public health.","medicalnewstoday.com",nephrology,positive,en,310,,129,2024-07-14,"https://medicalnewstoday.com/article-925"
926,"","<p>Immune system boost: sleep well eat healthy exercise manage stress.</p>","reddit.com",gynecology,mixed,en,479,7283,74,2023-05-19,"https://reddit.com/article-926"
927,"Covid cases increase !!!","Multiple sclerosis treatment advances include new disease modifying therapies.","reddit.com",misc,mixed,es,-8,,131,2024-06-19,"https://reddit.com/article-927"
928,"<b>New diabetes treatment</b>","Prostate cancer new treatment shows 90 percent success rate in clinical trials!!!","reddit.com",dermatology,positive,fr,305,5096,50,,"https://reddit.com/article-928"
929,"Sleep problems in students","NULL","NULL",general,UNKNOWN,en,346,5847,187,2022-02-05,"NULL"
930,"Stress management techniques !!! ### )$","Pneumonia treatment: antibiotics antivirals supportive care hospitalization.","nytimes.com",neurology,NULL,en,390,7572,131,2023-08-03,"https://nytimes.com/article-930"
931,"!!!BREAKING New virus detected!!!","NULL","medscape.com",UNKNOWN,negative,en,80,1108,-1,2024-04-03,"https://medscape.com/article-931"
932,"Children mental health issues","NULL","healthline.com",neurology,positive,NULL,443,1688,199,2025-02-05,"https://healthline.com/article-932"
933,"   ","Psoriasis: skin condition treatment topical medications biologics phototherapy.","mayoclinic.org",pulmonology,negative,en,193,6975,61,2025-08-06,"https://mayoclinic.org/article-933"
934,"Endometriosis treatment advances !!! ### )$","Mental health crisis affecting teenagers globally. Depression rates up 30 percent.","healthline.com",mental_health,mixed,en,235,7899,110,2022-04-27,"https://healthline.com/article-934"
935,"Infertility treatment options 2024","<p>Scientists discover new treatment for diabetes type 2. Results promising.</p>","UNKNOWN",infectious_disease,negative,es,-1,,153,2024-09-25,"UNKNOWN"
936,"Eating disorders treatment","NULL","who.int",rheumatology,NULL,de,147,5353,195,2023-11-21,"https://who.int/article-936"
937,"   ","Blood clot prevention: movement hydration compression stockings medication.","nytimes.com",cardiology,positive,fr,35,8616,159,2024-01-06,"https://nytimes.com/article-937"
938,"","DUPLICATE TEST CONTENT for testing deduplication pipeline.","mayoclinic.org",misc,mixed,en,18,3426,36,2022-11-04,"https://mayoclinic.org/article-938"
939,"Lung cancer early detection","","forbes.com",mental_health,positive,es,2,,178,2022-09-02,"https://forbes.com/article-939"
940,"Coronary artery disease prevention","Cholesterol management: diet exercise medication statins lifestyle changes.","medscape.com",NULL,neutral,fr,11,2931,-1,2022-06-05,"https://medscape.com/article-940"
941,"","Kidney stones: prevention hydration diet medication lithotripsy surgery.","theguardian.com",UNKNOWN,neutral,fr,147,4797,187,2024-01-11,"https://theguardian.com/article-941"
942,"Lupus autoimmune disease treatment","Bone health osteoporosis prevention: calcium vitamin D weight bearing exercise.","twitter.com",endocrinology,NULL,en,263,9818,97,2025-10-03,"https://twitter.com/article-942"
943,"Addiction recovery strategies","","nih.gov",misc,positive,NULL,388,1547,80,2023-08-02,"https://nih.gov/article-943"
944,"Sepsis early detection strategies","<div>Autism spectrum disorder research advances in early detection intervention.</div>","twitter.com",UNKNOWN,negative,es,56,4372,122,,"https://twitter.com/article-944"
945,"DUPLICATE TEST TITLE","DUPLICATE TEST CONTENT for testing deduplication pipeline.","bbc.com",infectious_disease,NULL,NULL,411,8186,140,,"https://bbc.com/article-945"
946,"Obesity rates rising worldwide","Ovarian cancer: silent killer screening treatment surgery chemotherapy.","medscape.com",rheumatology,mixed,NULL,405,8497,98,2025-06-12,"https://medscape.com/article-946"
947,"","Iron deficiency anemia most common nutritional deficiency worldwide affects women.","theguardian.com",cardiology,neutral,en,408,8348,73,2022-05-10,"https://theguardian.com/article-947"
948,"   ","Hair loss: androgenetic alopecia treatment minoxidil finasteride transplant.","who.int",gynecology,mixed,fr,246,,108,2024-06-22,"https://who.int/article-948"
949,"Addiction recovery strategies","Addiction recovery: medication assisted treatment therapy support groups.","UNKNOWN",pulmonology,neutral,en,315,2085,78,,"UNKNOWN"
950,"ADVERTISEMENT Best weight loss pill","UTI prevention: hydration hygiene cranberry probiotics antibiotics.","nih.gov",nutrition,NULL,en,414,,42,INVALID_DATE,"https://nih.gov/article-950"
951,"Hormonal imbalance symptoms !!! ### )$","Liver disease prevention: avoid alcohol maintain healthy weight get vaccinated.","twitter.com",UNKNOWN,mixed,fr,349,6061,101,2024-01-24,"https://twitter.com/article-951"
952,"Acid reflux GERD treatment","New antibiotic resistant bacteria strain discovered in hospital settings worldwide.","N/A",UNKNOWN,NULL,en,-2,963,67,2022-07-03,"N/A"
953,"<b>New diabetes treatment</b>","Type 2 diabetes can be prevented with lifestyle changes diet exercise weight loss.","medscape.com",pediatrics,negative,en,305,3238,185,INVALID_DATE,"https://medscape.com/article-953"
954,"","Gut health probiotics prebiotics fiber diet microbiome mental health connection.","theguardian.com",general,mixed,en,203,9148,143,2024-03-02,"https://theguardian.com/article-954"
955,"Hepatitis B and C treatment !!! ### )$","Acne treatment: topical retinoids antibiotics hormonal therapy isotretinoin.","webmd.com",rheumatology,negative,NULL,101,8615,78,2023-11-02,"https://webmd.com/article-955"
956,"Hepatitis B and C treatment","Hormonal imbalance symptoms: fatigue weight gain mood changes irregular periods.","NULL",misc,positive,de,108,9067,140,INVALID_DATE,"NULL"
957,"Pneumonia treatment guidelines","Stroke prevention: control blood pressure cholesterol diabetes exercise regularly.","reuters.com",NULL,NULL,de,248,3395,166,,"https://reuters.com/article-957"
958,"DUPLICATE TEST TITLE !!! ### )$","Healthy aging: exercise nutrition social connection mental stimulation sleep.","NULL",oncology,neutral,de,413,5747,82,2022-02-27,"NULL"
959,"DUPLICATE TEST TITLE","","theguardian.com",misc,neutral,en,485,3421,130,2023-02-12,"https://theguardian.com/article-959"
960,"Lupus autoimmune disease treatment","NULL","theguardian.com",research,mixed,UNKNOWN,452,4887,-1,2025-07-01,"https://theguardian.com/article-960"
961,"!!!BREAKING New virus detected!!!","","bbc.com",UNKNOWN,mixed,en,243,9840,165,2023-03-05,"https://bbc.com/article-961"
962,"DUPLICATE TEST TITLE","","N/A",nutrition,NULL,en,288,417,59,2022-09-15,"N/A"
963,"COVID-19 long term effects ###","NULL","healthline.com",rheumatology,UNKNOWN,de,397,929,32,2025-06-13,"https://healthline.com/article-963"
964,"### SPAM ### Buy medications online ###","Exercise benefits for seniors include improved balance strength cognitive function.","medscape.com",nephrology,mixed,en,492,423,146,INVALID_DATE,"https://medscape.com/article-964"
965,"Hair loss causes and treatment","Multiple sclerosis treatment advances include new disease modifying therapies.","blog.random.net",endocrinology,negative,en,-3,93,100,2022-08-25,"https://blog.random.net/article-965"
966,"Asthma treatment advances 2024","Students suffer from sleep deprivation. Academic performance declining.","cdc.gov",misc,positive,en,-9,251,54,2023-07-03,"https://cdc.gov/article-966"
967,"Polycystic ovary syndrome PCOS","<div><p>Addiction recovery: medication assisted treatment therapy support groups.</p></div>","healthnews.com",dermatology,mixed,de,400,5324,157,2025-09-26,"https://healthnews.com/article-967"
968,"Stress management techniques","NULL","forbes.com",gastroenterology,mixed,en,443,4190,78,2025-06-10,"https://forbes.com/article-968"
969,"DUPLICATE TEST TITLE","Iron deficiency anemia most common nutritional deficiency worldwide affects women.","theguardian.com",geriatrics,neutral,en,180,4889,116,INVALID_DATE,"https://theguardian.com/article-969"
970,"COVID-19 long term effects ### !!! ### )$","Heart failure: chronic condition treatment medication lifestyle changes.","nytimes.com",geriatrics,neutral,en,479,9052,194,2022-01-11,"https://nytimes.com/article-970"
971,"HIV AIDS latest research 2024","New antibiotic resistant bacteria strain discovered in hospital settings worldwide.","mayoclinic.org",UNKNOWN,negative,UNKNOWN,52,9571,76,INVALID_DATE,"https://mayoclinic.org/article-971"
972,"Weight loss tips that work","Coronary artery disease: prevention diet exercise medication surgery.","nytimes.com",endocrinology,negative,en,369,6715,144,2025-01-18,"https://nytimes.com/article-972"
973,"ADVERTISEMENT Best weight loss pill","<div><p>Exercise benefits for seniors include improved balance strength cognitive function.</p></div>","reddit.com",pediatrics,negative,en,102,588,199,2025-04-01,"https://reddit.com/article-973"
974,"ADVERTISEMENT Best weight loss pill","Lupus: autoimmune disease affects multiple organs treatment medication.","UNKNOWN",general,negative,en,22,3146,173,,"UNKNOWN"
975,"Weight loss tips that work","DUPLICATE TEST CONTENT for testing deduplication pipeline.","twitter.com",misc,NULL,en,202,597,146,2022-03-18,"https://twitter.com/article-975"
976,"Mental health crisis in teens","<p>Asthma treatment advances include new biologics for severe asthma patients.</p>","healthnews.com",misc,UNKNOWN,UNKNOWN,241,8458,44,,"https://healthnews.com/article-976"
977,"Stress management techniques","<div>Insomnia affects 30 percent of adults. Cognitive behavioral therapy most effective.</div>","UNKNOWN",misc,mixed,en,113,5083,124,,"UNKNOWN"
978,"Mindfulness and meditation benefits","","healthline.com",misc,neutral,es,26,9868,113,2024-02-09,"https://healthline.com/article-978"
979,"Kidney disease management tips","NULL","who.int",oncology,negative,de,361,1051,150,2025-07-03,"https://who.int/article-979"
980,"Sleep problems in students","UTI prevention: hydration hygiene cranberry probiotics antibiotics.","NULL",infectious_disease,NULL,de,-1,9551,140,2025-02-13,"NULL"
981,"NULL","<div><p>ADVERTISEMENT Buy cheap medications online no prescription needed</p></div>","bbc.com",oncology,mixed,en,-8,4897,126,2025-10-24,"https://bbc.com/article-981"
982,"Healthy aging strategies !!! ### )$","<div>Insomnia affects 30 percent of adults. Cognitive behavioral therapy most effective.</div>","bbc.com",research,UNKNOWN,UNKNOWN,27,3425,64,2024-01-17,"https://bbc.com/article-982"
983,"Healthy aging strategies","<div><p>Chronic pain management requires multidisciplinary approach medication therapy.</p></div>","nytimes.com",mental_health,neutral,en,151,6866,138,2025-08-09,"https://nytimes.com/article-983"
984,"Healthy aging strategies !!! ### )$","Pregnancy complications: preeclampsia gestational diabetes preterm birth.","cdc.gov",pulmonology,negative,UNKNOWN,381,6997,133,2024-09-16,"https://cdc.gov/article-984"
985,"   ","Chronic pain management requires multidisciplinary approach medication therapy.","healthnews.com",gastroenterology,mixed,en,219,5590,49,2024-10-11,"https://healthnews.com/article-985"
986,"Dental health tips for adults","Eating disorders anorexia bulimia binge eating require professional treatment.","webmd.com",nephrology,NULL,NULL,358,8245,64,2022-11-18,"https://webmd.com/article-986"
987,"   ","   ","UNKNOWN",general,NULL,en,9,9392,40,2023-06-25,"UNKNOWN"
988,"   ","DUPLICATE TEST CONTENT for testing deduplication pipeline.","theguardian.com",pediatrics,mixed,en,252,8332,61,2023-07-09,"https://theguardian.com/article-988"
989,"Weight loss tips that work","Migraine headaches affect 1 billion people worldwide. New treatments available.","theguardian.com",pulmonology,neutral,en,233,6242,-1,2023-08-24,"https://theguardian.com/article-989"
990,"","Eating disorders anorexia bulimia binge eating require professional treatment.","reddit.com",gynecology,mixed,en,277,2597,118,2023-06-06,"https://reddit.com/article-990"
991,"Chronic pain management","Bone health osteoporosis prevention: calcium vitamin D weight bearing exercise.","who.int",oncology,mixed,UNKNOWN,-1,6693,153,2025-05-04,"https://who.int/article-991"
992,"Acne treatment for adults","COVID-19 long term effects include fatigue brain fog shortness of breath ### noise","healthnews.com",research,NULL,NULL,-10,6162,20,2023-04-15,"https://healthnews.com/article-992"
993,"Acid reflux GERD treatment","Dengue fever prevention: mosquito control no specific treatment supportive care.","bbc.com",general,mixed,NULL,188,4869,197,,"https://bbc.com/article-993"
994,"Dental health tips for adults","Eczema: atopic dermatitis treatment moisturizers topical steroids biologics.","mayoclinic.org",infectious_disease,positive,en,237,449,84,INVALID_DATE,"https://mayoclinic.org/article-994"
995,"   ","New antibiotic resistant bacteria strain discovered in hospital settings worldwide.","cdc.gov",general,NULL,UNKNOWN,295,7195,96,2025-01-18,"https://cdc.gov/article-995"
996,"Acid reflux GERD treatment","UTI prevention: hydration hygiene cranberry probiotics antibiotics.","NULL",nephrology,UNKNOWN,NULL,394,6897,127,,"NULL"
997,"   ","Migraine headaches affect 1 billion people worldwide. New treatments available.","blog.random.net",endocrinology,UNKNOWN,UNKNOWN,439,9044,21,2023-09-03,"https://blog.random.net/article-997"
998,"","<div>New covid wave detected in Europe. Cases rising fast!!!</div>","blog.random.net",pediatrics,negative,en,348,1688,15,2025-09-20,"https://blog.random.net/article-998"
999,"Hepatitis B and C treatment !!! ### )$","Dental health tips: brush twice daily floss regularly visit dentist every 6 months.","bbc.com",cardiology,UNKNOWN,es,184,359,-1,2022-06-22,"https://bbc.com/article-999"
1000,"   ","Blood sugar control: diet exercise medication monitoring regular checkups.","twitter.com",misc,mixed,en,233,9611,122,2022-08-24,"https://twitter.com/article-1000"
1001,"Eating disorders treatment","ADHD in children treatment includes medication behavioral therapy parent training.","NULL",oncology,UNKNOWN,fr,356,9438,82,2022-09-26,"NULL"
1002,"Gut health and probiotics","<div><p>### SPAM ### Buy now!!! Click here!!!</p></div>","UNKNOWN",infectious_disease,positive,NULL,124,9314,129,2025-07-27,"UNKNOWN"
1003,"Prostate cancer new treatment!!!","Pneumonia treatment: antibiotics antivirals supportive care hospitalization.","webmd.com",pediatrics,NULL,UNKNOWN,483,2521,109,INVALID_DATE,"https://webmd.com/article-1003"
1004,"Ovarian cancer screening","<div><p>Pregnancy complications: preeclampsia gestational diabetes preterm birth.</p></div>","theguardian.com",oncology,positive,fr,295,2907,150,2025-08-26,"https://theguardian.com/article-1004"
1005,"Coronary artery disease prevention","<div><p>Vitamin D deficiency linked to depression immune dysfunction bone loss.</p></div>","bbc.com",pulmonology,UNKNOWN,es,387,,122,2022-08-03,"https://bbc.com/article-1005"
1006,"Dental health tips for adults","New antibiotic resistant bacteria strain discovered in hospital settings worldwide.","nytimes.com",gynecology,negative,en,159,102,115,,"https://nytimes.com/article-1006"
1007,"Cancer research breakthrough!!!","Epilepsy management: medication surgery diet therapy vagus nerve stimulation.","healthnews.com",UNKNOWN,positive,es,-1,4359,196,2023-07-07,"https://healthnews.com/article-1007"
1008,"Coronary artery disease prevention","Rheumatoid arthritis: autoimmune joint disease treatment biologics DMARDs.","reddit.com",misc,negative,en,-10,,2,2025-11-19,"https://reddit.com/article-1008"
1009,"Lupus autoimmune disease treatment","Kidney disease management requires regular monitoring diet changes medication.","blog.random.net",nephrology,negative,en,282,1799,42,INVALID_DATE,"https://blog.random.net/article-1009"
1010,"Pregnancy complications prevention","","medicalnewstoday.com",mental_health,mixed,en,203,3247,191,2024-06-19,"https://medicalnewstoday.com/article-1010"
1011,"Addiction recovery strategies","<div><p>High blood pressure hypertension affects 1 in 3 adults. New treatment options.</p></div>","forbes.com",endocrinology,positive,en,259,1418,32,2023-09-04,"https://forbes.com/article-1011"
1012,"","Nutrition tips for heart health: reduce sodium increase fiber eat healthy fats.","mayoclinic.org",rheumatology,neutral,NULL,16,4972,14,2025-06-15,"https://mayoclinic.org/article-1012"
1013,"Lung cancer early detection","NULL","blog.random.net",nephrology,negative,en,83,5541,29,2023-10-25,"https://blog.random.net/article-1013"
1014,"DUPLICATE TEST TITLE","COPD: chronic lung disease smoking cessation medication pulmonary rehab.","healthnews.com",rheumatology,UNKNOWN,es,-9,6946,92,2024-02-19,"https://healthnews.com/article-1014"
1015,"Skin cancer prevention tips !!! ### )$","Lupus: autoimmune disease affects multiple organs treatment medication.","cdc.gov",geriatrics,UNKNOWN,UNKNOWN,452,9123,34,2025-10-20,"https://cdc.gov/article-1015"
1016,"Healthy aging strategies","Bladder cancer: early detection treatment surgery chemotherapy immunotherapy.","UNKNOWN",UNKNOWN,negative,en,-10,1649,47,2022-05-15,"UNKNOWN"
1017,"Hair loss causes and treatment","","nih.gov",infectious_disease,negative,en,313,8108,-1,2025-01-13,"https://nih.gov/article-1017"
1018,"   ","Acne treatment: topical retinoids antibiotics hormonal therapy isotretinoin.","medscape.com",gastroenterology,UNKNOWN,NULL,318,2853,91,2024-01-17,"https://medscape.com/article-1018"
1019,"Eczema skin condition management","NULL","blog.random.net",geriatrics,NULL,en,74,6957,109,2025-04-18,"https://blog.random.net/article-1019"
1020,"","UTI prevention: hydration hygiene cranberry probiotics antibiotics.","bbc.com",infectious_disease,NULL,NULL,282,3050,180,2022-03-03,"https://bbc.com/article-1020"
1021,"   ","Tuberculosis prevention: BCG vaccine treatment antibiotics public health.","mayoclinic.org",dermatology,positive,UNKNOWN,236,6345,-1,2022-09-05,"https://mayoclinic.org/article-1021"
1022,"Chronic pain management","Nutrition tips for heart health: reduce sodium increase fiber eat healthy fats.","nytimes.com",gynecology,negative,en,-5,1089,172,2023-03-11,"https://nytimes.com/article-1022"
1023,"Skin cancer prevention tips !!! ### )$","Multiple sclerosis treatment advances include new disease modifying therapies.","forbes.com",gastroenterology,UNKNOWN,de,76,8168,123,2025-05-14,"https://forbes.com/article-1023"
1024,"Diabetes type 2 prevention tips !!! ### )$","Arthritis pain management includes physical therapy medication lifestyle changes.","nih.gov",infectious_disease,positive,NULL,177,9906,98,2025-03-18,"https://nih.gov/article-1024"
1025,"<div>Cholesterol tips</div>","Celiac disease: autoimmune condition triggered by gluten strict diet required.","medscape.com",pediatrics,neutral,en,-1,,182,2025-08-02,"https://medscape.com/article-1025"
1026,"NULL","Blood sugar control: diet exercise medication monitoring regular checkups.","medscape.com",misc,positive,NULL,-7,4766,159,2022-09-17,"https://medscape.com/article-1026"
1027,"Vitamin D deficiency symptoms","Mindfulness meditation reduces stress anxiety depression improves wellbeing.","N/A",mental_health,NULL,de,347,5295,90,INVALID_DATE,"N/A"
1028,"   ","COVID-19 long term effects include fatigue brain fog shortness of breath ### noise","healthline.com",neurology,negative,es,460,9950,107,2023-11-16,"https://healthline.com/article-1028"
1029,"Children mental health issues","Bladder cancer: early detection treatment surgery chemotherapy immunotherapy.","NULL",cardiology,neutral,fr,-4,9905,185,2023-02-13,"NULL"
1030,"HIV AIDS latest research 2024","<div><p>Kidney disease management requires regular monitoring diet changes medication.</p></div>","mayoclinic.org",rheumatology,mixed,UNKNOWN,124,,96,2022-05-23,"https://mayoclinic.org/article-1030"
1031,"Rheumatoid arthritis management","Menopause symptoms: hot flashes night sweats mood changes bone loss.","webmd.com",gynecology,UNKNOWN,de,-5,166,-1,2023-05-02,"https://webmd.com/article-1031"
1032,"Prostate cancer new treatment!!!","Depression and anxiety disorders affect 264 million people worldwide according to WHO.","forbes.com",misc,mixed,de,474,7379,79,,"https://forbes.com/article-1032"
1033,"Mindfulness and meditation benefits","Dengue fever prevention: mosquito control no specific treatment supportive care.","medscape.com",NULL,mixed,en,-9,5168,-1,2022-08-05,"https://medscape.com/article-1033"
1034,"Polycystic ovary syndrome PCOS","PCOS polycystic ovary syndrome: hormonal disorder affecting reproductive health.","healthnews.com",general,positive,UNKNOWN,131,8493,24,INVALID_DATE,"https://healthnews.com/article-1034"
1035,"Skin cancer prevention tips !!! ### )$","Iron deficiency anemia most common nutritional deficiency worldwide affects women.","who.int",general,UNKNOWN,en,24,632,-1,2022-06-10,"https://who.int/article-1035"
1036,"Hormonal imbalance symptoms","Cholesterol management: diet exercise medication statins lifestyle changes.","healthline.com",misc,NULL,en,419,3195,57,2025-10-25,"https://healthline.com/article-1036"
1037,"Liver disease prevention","Mental health crisis affecting teenagers globally. Depression rates up 30 percent.","medicalnewstoday.com",general,UNKNOWN,en,-3,9342,-1,2022-05-05,"https://medicalnewstoday.com/article-1037"
1038,"Vitamin D deficiency symptoms","","theguardian.com",nutrition,UNKNOWN,en,206,3976,185,2025-07-13,"https://theguardian.com/article-1038"
1039,"Hepatitis B and C treatment","Pneumonia treatment: antibiotics antivirals supportive care hospitalization.","webmd.com",nephrology,NULL,en,43,1042,4,2025-03-06,"https://webmd.com/article-1039"
1040,"Stress management techniques","Migraine headaches affect 1 billion people worldwide. New treatments available.","twitter.com",cardiology,mixed,en,31,9838,127,,"https://twitter.com/article-1040"
1041,"Asthma treatment advances 2024","NULL","UNKNOWN",oncology,negative,en,367,2698,58,2023-02-03,"UNKNOWN"
1042,"Asthma treatment advances 2024 !!! ### )$","Eating disorders anorexia bulimia binge eating require professional treatment.","medicalnewstoday.com",cardiology,mixed,en,398,2788,-1,2025-04-02,"https://medicalnewstoday.com/article-1042"
1043,"Stress management techniques","Pregnancy complications: preeclampsia gestational diabetes preterm birth.","medscape.com",pediatrics,positive,fr,-8,8347,14,2025-05-01,"https://medscape.com/article-1043"
1044,"Pneumonia treatment guidelines","NULL","nih.gov",cardiology,mixed,en,335,9530,53,2024-10-15,"https://nih.gov/article-1044"
1045,"<div>Cholesterol tips</div>","<div>Autism spectrum disorder research advances in early detection intervention.</div>","medscape.com",NULL,NULL,en,289,5546,166,,"https://medscape.com/article-1045"
1046,"Healthy aging strategies","NULL","webmd.com",NULL,positive,NULL,372,725,86,2024-07-13,"https://webmd.com/article-1046"
1047,"Sleep problems in students","Acne treatment: topical retinoids antibiotics hormonal therapy isotretinoin.","nytimes.com",infectious_disease,neutral,UNKNOWN,241,9795,170,2022-05-10,"https://nytimes.com/article-1047"
1048,"<h2>Flu season 2024 warning</h2>","","healthnews.com",NULL,neutral,de,462,1483,30,2025-10-26,"https://healthnews.com/article-1048"
1049,"   ","Blood sugar control: diet exercise medication monitoring regular checkups.","medicalnewstoday.com",dermatology,negative,es,325,4146,150,2023-08-14,"https://medicalnewstoday.com/article-1049"
1050,"Sepsis early detection strategies","<p>Asthma treatment advances include new biologics for severe asthma patients.</p>","healthnews.com",oncology,positive,en,130,271,13,,"https://healthnews.com/article-1050"
1051,"Sepsis early detection strategies","Parkinsons disease research shows promising results with new gene therapy approach.","webmd.com",UNKNOWN,negative,en,457,9806,128,,"https://webmd.com/article-1051"
1052,"Exercise benefits for seniors","Mental health crisis affecting teenagers globally. Depression rates up 30 percent.","UNKNOWN",UNKNOWN,positive,en,247,726,82,2025-07-09,"UNKNOWN"
1053,"Liver disease prevention","NULL","webmd.com",mental_health,mixed,en,166,3881,35,2024-08-17,"https://webmd.com/article-1053"
1054,"Psoriasis treatment advances 2024","Menopause symptoms: hot flashes night sweats mood changes bone loss.","webmd.com",research,UNKNOWN,en,426,217,72,INVALID_DATE,"https://webmd.com/article-1054"
1055,"Endometriosis treatment advances","","mayoclinic.org",infectious_disease,negative,en,148,1744,38,2023-03-05,"https://mayoclinic.org/article-1055"
1056,"Bladder cancer early detection","Chronic pain management requires multidisciplinary approach medication therapy.","NULL",gynecology,NULL,UNKNOWN,-3,3340,174,2023-11-27,"NULL"
1057,"Diabetes type 2 prevention tips","DUPLICATE TEST CONTENT for testing deduplication pipeline.","bbc.com",misc,negative,fr,177,8560,33,,"https://bbc.com/article-1057"
1058,"Bladder cancer early detection","<div><h2>Flu season 2024</h2><p>Health officials warn of severe flu season.</p></div>","theguardian.com",general,positive,en,-1,6439,186,2023-10-19,"https://theguardian.com/article-1058"
1059,"Skin cancer prevention tips !!! ### )$","Hormonal imbalance symptoms: fatigue weight gain mood changes irregular periods.","bbc.com",pulmonology,UNKNOWN,en,490,7132,106,2023-08-08,"https://bbc.com/article-1059"
1060,"!!!BREAKING New virus detected!!!","Arthritis pain management includes physical therapy medication lifestyle changes.","medscape.com",misc,positive,NULL,-3,8717,199,2024-09-15,"https://medscape.com/article-1060"
1061,"<div>Cholesterol tips</div>","Prostate cancer new treatment shows 90 percent success rate in clinical trials!!!","nytimes.com",oncology,NULL,NULL,475,5751,31,,"https://nytimes.com/article-1061"
1062,"Dengue fever prevention tips","Dengue fever prevention: mosquito control no specific treatment supportive care.","NULL",research,mixed,en,495,8850,98,,"NULL"
1063,"Ovarian cancer screening !!! ### )$","Hormonal imbalance symptoms: fatigue weight gain mood changes irregular periods.","healthline.com",geriatrics,mixed,en,250,5061,105,2025-07-12,"https://healthline.com/article-1063"
1064,"Stroke prevention strategies","","who.int",pediatrics,negative,de,467,1565,120,2024-10-12,"https://who.int/article-1064"
1065,"Hair loss causes and treatment","Mindfulness meditation reduces stress anxiety depression improves wellbeing.","reddit.com",gynecology,UNKNOWN,en,107,6634,149,INVALID_DATE,"https://reddit.com/article-1065"
1066,"Kidney disease management tips","NULL","healthline.com",infectious_disease,NULL,en,413,638,93,2022-03-14,"https://healthline.com/article-1066"
1067,"","Addiction recovery: medication assisted treatment therapy support groups.","who.int",infectious_disease,mixed,en,194,9565,81,2024-05-18,"https://who.int/article-1067"
1068,"Insomnia treatment options","","blog.random.net",mental_health,negative,de,215,6992,191,2025-04-07,"https://blog.random.net/article-1068"
1069,"Chronic pain management","NULL","blog.random.net",general,UNKNOWN,en,125,3771,34,2022-11-13,"https://blog.random.net/article-1069"
1070,"Hormonal imbalance symptoms","New antibiotic resistant bacteria strain discovered in hospital settings worldwide.","theguardian.com",infectious_disease,mixed,en,79,,193,INVALID_DATE,"https://theguardian.com/article-1070"
1071,"Crohns disease management","NULL","NULL",cardiology,negative,en,2,2181,164,2025-10-20,"NULL"
1072,"Nutrition tips for heart health","Bladder cancer: early detection treatment surgery chemotherapy immunotherapy.","medscape.com",UNKNOWN,UNKNOWN,de,401,5746,72,,"https://medscape.com/article-1072"
1073,"Acid reflux GERD treatment","","theguardian.com",NULL,negative,en,54,8660,25,2024-01-14,"https://theguardian.com/article-1073"
1074,"","Malaria treatment: artemisinin combination therapy prevention mosquito nets.","bbc.com",pediatrics,neutral,UNKNOWN,420,376,123,2023-05-12,"https://bbc.com/article-1074"
1075,"Stroke prevention strategies !!! ### )$","Ovarian cancer: silent killer screening treatment surgery chemotherapy.","twitter.com",gastroenterology,UNKNOWN,de,226,504,168,2024-05-02,"https://twitter.com/article-1075"
1076,"Menopause symptoms management","Celiac disease: autoimmune condition triggered by gluten strict diet required.","blog.random.net",gynecology,NULL,en,400,9864,94,2022-09-24,"https://blog.random.net/article-1076"
1077,"Nutrition tips for heart health","<div><h2>Flu season 2024</h2><p>Health officials warn of severe flu season.</p></div>","who.int",gynecology,neutral,es,109,1640,97,,"https://who.int/article-1077"
1078,"","Mental health crisis affecting teenagers globally. Depression rates up 30 percent.","NULL",gastroenterology,mixed,de,102,4812,195,2025-08-27,"NULL"
1079,"New vaccine approved by FDA!!!","Gut health probiotics prebiotics fiber diet microbiome mental health connection.","bbc.com",gynecology,mixed,es,-4,5024,153,2024-01-08,"https://bbc.com/article-1079"
1080,"Pregnancy complications prevention","DUPLICATE TEST CONTENT for testing deduplication pipeline.","cdc.gov",UNKNOWN,positive,en,35,3854,133,INVALID_DATE,"https://cdc.gov/article-1080"
1081,"   ","Breast cancer screening guidelines updated. Annual mammograms recommended from age 40.","healthnews.com",NULL,UNKNOWN,de,494,1834,77,2023-05-19,"https://healthnews.com/article-1081"
1082,"<b>New diabetes treatment</b>","<div>Insomnia affects 30 percent of adults. Cognitive behavioral therapy most effective.</div>","webmd.com",mental_health,negative,fr,284,641,-1,INVALID_DATE,"https://webmd.com/article-1082"
1083,"Pneumonia treatment guidelines","Obesity epidemic continues to grow in developed countries worldwide.","NULL",general,UNKNOWN,NULL,404,5122,87,INVALID_DATE,"NULL"
1084,"Hair loss causes and treatment","Exercise benefits for seniors include improved balance strength cognitive function.","healthnews.com",gynecology,mixed,en,181,7,133,INVALID_DATE,"https://healthnews.com/article-1084"
1085,"Pregnancy complications prevention","<article>Children mental health issues rising post pandemic. Parents concerned.</article>","blog.random.net",infectious_disease,UNKNOWN,en,190,,-1,,"https://blog.random.net/article-1085"
1086,"UTI prevention tips","<div><p>Skin cancer prevention: sunscreen protective clothing avoid tanning beds.</p></div>","nih.gov",geriatrics,NULL,NULL,86,7038,35,2022-06-14,"https://nih.gov/article-1086"
1087,"Endometriosis treatment advances","NULL","bbc.com",pediatrics,negative,en,83,1202,-1,2024-01-12,"https://bbc.com/article-1087"
1088,"<b>New diabetes treatment</b>","Eczema: atopic dermatitis treatment moisturizers topical steroids biologics.","reddit.com",rheumatology,neutral,en,259,8551,71,2024-08-13,"https://reddit.com/article-1088"
1089,"Covid cases increase !!!","Thyroid disease symptoms include fatigue weight changes mood swings hair loss.","medscape.com",gastroenterology,mixed,es,38,2714,80,,"https://medscape.com/article-1089"
1090,"Migraine headache causes and cures","<div><p>Rheumatoid arthritis: autoimmune joint disease treatment biologics DMARDs.</p></div>","NULL",dermatology,mixed,UNKNOWN,159,9449,137,2022-11-24,"NULL"
1091,"   ","Kidney stones: prevention hydration diet medication lithotripsy surgery.","N/A",pulmonology,neutral,en,2,2331,29,2023-05-01,"N/A"
1092,"Migraine headache causes and cures !!! ### )$","Bladder cancer: early detection treatment surgery chemotherapy immunotherapy.","healthline.com",research,negative,en,41,5344,73,2022-09-08,"https://healthline.com/article-1092"
1093,"Dengue fever prevention tips","Gut health probiotics prebiotics fiber diet microbiome mental health connection.","who.int",NULL,positive,NULL,82,6063,164,2025-05-16,"https://who.int/article-1093"
1094,"   ","Malaria treatment: artemisinin combination therapy prevention mosquito nets.","medscape.com",dermatology,mixed,UNKNOWN,219,7323,46,2022-07-12,"https://medscape.com/article-1094"
1095,"Lupus autoimmune disease treatment !!! ### )$","PCOS polycystic ovary syndrome: hormonal disorder affecting reproductive health.","medicalnewstoday.com",gynecology,NULL,fr,454,,198,2022-06-10,"https://medicalnewstoday.com/article-1095"
1096,"Kidney stones prevention tips !!! ### )$","COVID-19 long term effects include fatigue brain fog shortness of breath ### noise","who.int",UNKNOWN,neutral,en,202,,140,2022-09-03,"https://who.int/article-1096"
1097,"","Tuberculosis prevention: BCG vaccine treatment antibiotics public health.","bbc.com",dermatology,NULL,UNKNOWN,333,8520,175,2024-10-21,"https://bbc.com/article-1097"
1098,"Coronary artery disease prevention","<h1>Heart disease remains leading cause of death worldwide</h1>","healthline.com",rheumatology,NULL,en,402,8658,31,INVALID_DATE,"https://healthline.com/article-1098"
1099,"Blood sugar control strategies","Liver disease prevention: avoid alcohol maintain healthy weight get vaccinated.","who.int",NULL,NULL,en,434,6632,160,INVALID_DATE,"https://who.int/article-1099"
1100,"Obesity rates rising worldwide","Celiac disease: autoimmune condition triggered by gluten strict diet required.","twitter.com",research,negative,en,298,9740,64,,"https://twitter.com/article-1100"
1101,"Alzheimer disease new hope","<div><p>Hormonal imbalance symptoms: fatigue weight gain mood changes irregular periods.</p></div>","cdc.gov",mental_health,UNKNOWN,NULL,228,9296,172,2025-01-03,"https://cdc.gov/article-1101"
1102,"<div>Cholesterol tips</div>","NULL","healthnews.com",UNKNOWN,NULL,UNKNOWN,496,5186,17,2025-07-06,"https://healthnews.com/article-1102"
1103,"NULL","Stroke prevention: control blood pressure cholesterol diabetes exercise regularly.","cdc.gov",infectious_disease,NULL,NULL,494,6530,75,2022-11-12,"https://cdc.gov/article-1103"
1104,"   ","Infertility treatment: IVF IUI medication surgery lifestyle changes.","theguardian.com",gastroenterology,neutral,fr,381,8367,117,INVALID_DATE,"https://theguardian.com/article-1104"
1105,"Healthy aging strategies","Thyroid disease symptoms include fatigue weight changes mood swings hair loss.","blog.random.net",pulmonology,neutral,UNKNOWN,-1,7706,72,2025-03-06,"https://blog.random.net/article-1105"
1106,"Multiple sclerosis treatment","","healthline.com",research,UNKNOWN,NULL,299,1654,178,2024-07-23,"https://healthline.com/article-1106"
1107,"   ","Kidney disease management requires regular monitoring diet changes medication.","theguardian.com",NULL,negative,de,222,640,1,2025-10-02,"https://theguardian.com/article-1107"
1108,"Cholesterol management tips","HIV AIDS research: new treatments improve life expectancy quality of life.","medicalnewstoday.com",NULL,NULL,de,136,959,61,,"https://medicalnewstoday.com/article-1108"
1109,"","Migraine headaches affect 1 billion people worldwide. New treatments available.","healthnews.com",gastroenterology,UNKNOWN,NULL,254,9342,51,2023-01-22,"https://healthnews.com/article-1109"
1110,"","Mental health crisis affecting teenagers globally. Depression rates up 30 percent.","cdc.gov",NULL,neutral,en,462,1344,116,2025-04-17,"https://cdc.gov/article-1110"
1111,"Vitamin D deficiency symptoms","Chronic pain management requires multidisciplinary approach medication therapy.","reuters.com",nutrition,neutral,es,187,2890,145,2025-09-23,"https://reuters.com/article-1111"
1112,"","Blood sugar control: diet exercise medication monitoring regular checkups.","twitter.com",geriatrics,neutral,NULL,428,6553,181,2022-01-20,"https://twitter.com/article-1112"
1113,"Stress management techniques","NULL","medscape.com",NULL,mixed,en,49,2327,159,2025-04-16,"https://medscape.com/article-1113"
1114,"   ","Eczema: atopic dermatitis treatment moisturizers topical steroids biologics.","theguardian.com",research,neutral,en,408,1877,40,2023-09-21,"https://theguardian.com/article-1114"
1115,"Malaria treatment advances","Liver disease prevention: avoid alcohol maintain healthy weight get vaccinated.","theguardian.com",pediatrics,NULL,de,-6,2565,196,2023-06-15,"https://theguardian.com/article-1115"
1116,"ADHD in children treatment","Dental health tips: brush twice daily floss regularly visit dentist every 6 months.","bbc.com",general,mixed,en,324,4344,189,,"https://bbc.com/article-1116"
1117,"Malaria treatment advances","<div><p>### SPAM ### Buy now!!! Click here!!!</p></div>","nytimes.com",UNKNOWN,positive,fr,60,7353,123,2022-03-22,"https://nytimes.com/article-1117"
1118,"<h2>Flu season 2024 warning</h2>","Malaria treatment: artemisinin combination therapy prevention mosquito nets.","twitter.com",dermatology,negative,NULL,66,3959,73,,"https://twitter.com/article-1118"
1119,"Bone health and osteoporosis","<div><p>Rheumatoid arthritis: autoimmune joint disease treatment biologics DMARDs.</p></div>","reddit.com",geriatrics,UNKNOWN,es,397,8737,72,2025-10-09,"https://reddit.com/article-1119"
1120,"Sepsis early detection strategies","NULL","mayoclinic.org",cardiology,NULL,es,118,1522,137,2024-02-22,"https://mayoclinic.org/article-1120"
1121,"Liver disease prevention","Weight loss tips: calorie deficit exercise sleep stress management hydration.","bbc.com",UNKNOWN,UNKNOWN,en,190,,16,2022-07-01,"https://bbc.com/article-1121"
1122,"Malaria treatment advances","New antibiotic resistant bacteria strain discovered in hospital settings worldwide.","healthline.com",NULL,NULL,en,465,9409,-1,,"https://healthline.com/article-1122"
1123,"Thyroid disease symptoms","Migraine headaches affect 1 billion people worldwide. New treatments available.","bbc.com",geriatrics,UNKNOWN,NULL,-6,1727,17,2023-03-06,"https://bbc.com/article-1123"
1124,"","<p>Scientists discover new treatment for diabetes type 2. Results promising.</p>","NULL",infectious_disease,negative,de,356,3175,183,2025-11-03,"NULL"
1125,"DUPLICATE TEST TITLE","PCOS polycystic ovary syndrome: hormonal disorder affecting reproductive health.","webmd.com",neurology,mixed,fr,-2,7290,17,2023-05-22,"https://webmd.com/article-1125"
1126,"Menopause symptoms management","Mental health crisis affecting teenagers globally. Depression rates up 30 percent.","nytimes.com",research,positive,NULL,234,3991,38,,"https://nytimes.com/article-1126"
1127,"   ","DUPLICATE TEST CONTENT for testing deduplication pipeline.","UNKNOWN",dermatology,UNKNOWN,de,175,9500,51,2024-09-22,"UNKNOWN"
1128,"Malaria treatment advances","Bladder cancer: early detection treatment surgery chemotherapy immunotherapy.","nih.gov",oncology,negative,de,435,9444,85,INVALID_DATE,"https://nih.gov/article-1128"
1129,"   ","Kidney stones: prevention hydration diet medication lithotripsy surgery.","healthnews.com",nutrition,negative,en,413,7786,130,2023-10-24,"https://healthnews.com/article-1129"
1130,"Depression and anxiety in adults","Gut health probiotics prebiotics fiber diet microbiome mental health connection.","theguardian.com",gastroenterology,mixed,en,-8,705,137,2025-06-26,"https://theguardian.com/article-1130"
1131,"   ","Endometriosis treatment: pain management surgery hormone therapy.","bbc.com",UNKNOWN,NULL,en,266,9724,149,2023-03-23,"https://bbc.com/article-1131"
1132,"Dengue fever prevention tips","Nutrition tips for heart health: reduce sodium increase fiber eat healthy fats.","N/A",gastroenterology,neutral,en,483,5440,99,2024-02-03,"N/A"
1133,"<div>Cholesterol tips</div>","DUPLICATE TEST CONTENT for testing deduplication pipeline.","UNKNOWN",gynecology,positive,en,373,28,-1,2025-09-17,"UNKNOWN"
1134,"","<p>Scientists discover new treatment for diabetes type 2. Results promising.</p>","cdc.gov",cardiology,negative,UNKNOWN,113,1201,8,2022-02-15,"https://cdc.gov/article-1134"
1135,"Hormonal imbalance symptoms","Crohns disease: inflammatory bowel disease medication surgery lifestyle.","theguardian.com",research,UNKNOWN,en,-6,6535,188,2022-01-19,"https://theguardian.com/article-1135"
1136,"ADHD in children treatment !!! ### )$","Tuberculosis prevention: BCG vaccine treatment antibiotics public health.","twitter.com",general,negative,fr,183,5852,-1,2024-08-14,"https://twitter.com/article-1136"
1137,"Blood sugar control strategies","<div><p>DUPLICATE TEST CONTENT for testing deduplication pipeline.</p></div>","mayoclinic.org",endocrinology,positive,NULL,482,3517,116,2025-04-08,"https://mayoclinic.org/article-1137"
1138,"Chronic pain management","","forbes.com",NULL,UNKNOWN,fr,88,8922,41,2022-08-24,"https://forbes.com/article-1138"
1139,"Parkinsons disease research","COVID-19 long term effects include fatigue brain fog shortness of breath ### noise","medscape.com",endocrinology,UNKNOWN,en,28,1958,71,INVALID_DATE,"https://medscape.com/article-1139"
1140,"Infertility treatment options 2024","","blog.random.net",cardiology,UNKNOWN,fr,97,8939,112,2024-09-26,"https://blog.random.net/article-1140"
1141,"Endometriosis treatment advances","PCOS polycystic ovary syndrome: hormonal disorder affecting reproductive health.","who.int",UNKNOWN,UNKNOWN,fr,-6,2750,8,2025-03-25,"https://who.int/article-1141"
1142,"COPD chronic lung disease","Obesity epidemic continues to grow in developed countries worldwide.","medicalnewstoday.com",dermatology,UNKNOWN,es,292,9072,198,INVALID_DATE,"https://medicalnewstoday.com/article-1142"
1143,"Lupus autoimmune disease treatment","COPD: chronic lung disease smoking cessation medication pulmonary rehab.","twitter.com",cardiology,negative,en,257,4750,69,,"https://twitter.com/article-1143"
1144,"Tuberculosis prevention strategies !!! ### )$","<p>Scientists discover new treatment for diabetes type 2. Results promising.</p>","N/A",cardiology,UNKNOWN,en,198,2884,172,2023-07-15,"N/A"
1145,"","Eczema: atopic dermatitis treatment moisturizers topical steroids biologics.","nih.gov",geriatrics,NULL,UNKNOWN,376,9358,118,2025-11-22,"https://nih.gov/article-1145"
1146,"Malaria treatment advances","IBS irritable bowel syndrome: diet stress management medication therapy.","medicalnewstoday.com",gynecology,UNKNOWN,de,127,9410,39,INVALID_DATE,"https://medicalnewstoday.com/article-1146"
1147,"Depression and anxiety in adults","Dental health tips: brush twice daily floss regularly visit dentist every 6 months.","forbes.com",cardiology,positive,en,257,1430,73,INVALID_DATE,"https://forbes.com/article-1147"
1148,"Chronic pain management","DUPLICATE TEST CONTENT for testing deduplication pipeline.","twitter.com",UNKNOWN,mixed,en,81,9922,45,2022-01-11,"https://twitter.com/article-1148"
1149,"Sleep problems in students","","forbes.com",pulmonology,neutral,es,182,5679,127,2022-02-08,"https://forbes.com/article-1149"
1150,"Irritable bowel syndrome IBS","","healthnews.com",geriatrics,mixed,fr,73,7411,15,2022-02-23,"https://healthnews.com/article-1150"
1151,"### SPAM ### Buy medications online ###","<div><p>Lung cancer early detection saves lives. CT scan recommended for high risk patients.</p></div>","who.int",geriatrics,UNKNOWN,en,464,7201,190,2023-03-15,"https://who.int/article-1151"
1152,"Bone health and osteoporosis","NULL","medscape.com",infectious_disease,neutral,en,483,9920,46,2024-01-08,"https://medscape.com/article-1152"
1153,"ADHD in children treatment","<div><p><p>Scientists discover new treatment for diabetes type 2. Results promising.</p></p></div>","bbc.com",rheumatology,positive,NULL,112,8387,123,2024-08-09,"https://bbc.com/article-1153"
1154,"Mental health crisis in teens","NULL","cdc.gov",gastroenterology,negative,fr,291,7860,-1,2024-06-05,"https://cdc.gov/article-1154"
1155,"Acne treatment for adults","Menopause symptoms: hot flashes night sweats mood changes bone loss.","who.int",mental_health,positive,fr,182,,102,,"https://who.int/article-1155"
1156,"Ovarian cancer screening","","UNKNOWN",general,mixed,de,421,9459,29,2022-07-01,"UNKNOWN"
1157,"","Epilepsy management: medication surgery diet therapy vagus nerve stimulation.","twitter.com",mental_health,neutral,en,378,8942,39,2022-02-26,"https://twitter.com/article-1157"
1158,"Healthy aging strategies","","mayoclinic.org",pulmonology,positive,de,282,4452,113,2025-07-14,"https://mayoclinic.org/article-1158"
1159,"Mental health crisis in teens","","medscape.com",gynecology,mixed,NULL,204,2575,-1,2024-06-20,"https://medscape.com/article-1159"
1160,"Polycystic ovary syndrome PCOS","High blood pressure hypertension affects 1 in 3 adults. New treatment options.","webmd.com",pediatrics,NULL,en,75,8859,102,2022-09-03,"https://webmd.com/article-1160"
1161,"Tuberculosis prevention strategies","New antibiotic resistant bacteria strain discovered in hospital settings worldwide.","theguardian.com",UNKNOWN,NULL,en,370,3498,69,INVALID_DATE,"https://theguardian.com/article-1161"
1162,"Stroke prevention strategies","","bbc.com",rheumatology,mixed,NULL,44,,20,2022-04-03,"https://bbc.com/article-1162"
1163,"Ovarian cancer screening","NULL","healthnews.com",gynecology,neutral,en,355,4359,12,2023-08-27,"https://healthnews.com/article-1163"
1164,"Immune system boost tips","<div><p>Ovarian cancer: silent killer screening treatment surgery chemotherapy.</p></div>","who.int",neurology,mixed,en,58,736,2,2022-04-11,"https://who.int/article-1164"
1165,"   ","Lung cancer early detection saves lives. CT scan recommended for high risk patients.","theguardian.com",rheumatology,positive,en,136,9838,126,2022-01-08,"https://theguardian.com/article-1165"
1166,"Stress management techniques","","reuters.com",nephrology,positive,de,71,9165,181,2024-10-13,"https://reuters.com/article-1166"
1167,"### SPAM ### Buy medications online ###","","nytimes.com",neurology,neutral,de,77,2345,190,2023-04-08,"https://nytimes.com/article-1167"
1168,"","Skin cancer prevention: sunscreen protective clothing avoid tanning beds.","forbes.com",mental_health,UNKNOWN,en,64,6446,163,2022-05-10,"https://forbes.com/article-1168"
1169,"<b>New diabetes treatment</b>","Acne treatment: topical retinoids antibiotics hormonal therapy isotretinoin.","webmd.com",endocrinology,positive,en,148,1506,165,2024-05-13,"https://webmd.com/article-1169"
1170,"HIV AIDS latest research 2024","Crohns disease: inflammatory bowel disease medication surgery lifestyle.","healthnews.com",research,neutral,en,173,2123,12,,"https://healthnews.com/article-1170"
1171,"Pregnancy complications prevention","Lung cancer early detection saves lives. CT scan recommended for high risk patients.","NULL",misc,NULL,en,368,6975,199,INVALID_DATE,"NULL"
1172,"Hair loss causes and treatment","Hormonal imbalance symptoms: fatigue weight gain mood changes irregular periods.","who.int",general,neutral,UNKNOWN,142,6836,46,,"https://who.int/article-1172"
1173,"Lung cancer early detection","NULL","medicalnewstoday.com",rheumatology,positive,en,11,8981,184,2025-01-18,"https://medicalnewstoday.com/article-1173"
1174,"Stroke prevention strategies","<h1>Heart disease remains leading cause of death worldwide</h1>","who.int",general,neutral,UNKNOWN,-2,,167,2025-06-09,"https://who.int/article-1174"
1175,"Cancer research breakthrough!!!","Cholesterol management: diet exercise medication statins lifestyle changes.","healthnews.com",NULL,UNKNOWN,de,452,8580,4,INVALID_DATE,"https://healthnews.com/article-1175"
1176,"High blood pressure treatment","NULL","webmd.com",general,negative,UNKNOWN,167,6265,41,2022-03-23,"https://webmd.com/article-1176"
1177,"ADVERTISEMENT Best weight loss pill","New vaccine approved showing 95 percent efficacy in clinical trials.","webmd.com",pediatrics,positive,fr,316,660,134,,"https://webmd.com/article-1177"
1178,"Dental health tips for adults","PCOS polycystic ovary syndrome: hormonal disorder affecting reproductive health.","who.int",gynecology,positive,en,4,687,122,2022-01-13,"https://who.int/article-1178"
1179,"!!!BREAKING New virus detected!!!","Endometriosis treatment: pain management surgery hormone therapy.","nytimes.com",gynecology,negative,NULL,477,710,69,INVALID_DATE,"https://nytimes.com/article-1179"
1180,"NULL","<article>Children mental health issues rising post pandemic. Parents concerned.</article>","bbc.com",research,neutral,de,170,2217,19,2023-03-13,"https://bbc.com/article-1180"
1181,"","Liver disease prevention: avoid alcohol maintain healthy weight get vaccinated.","nytimes.com",general,negative,UNKNOWN,378,3311,128,2022-09-05,"https://nytimes.com/article-1181"
1182,"   ","DUPLICATE TEST CONTENT for testing deduplication pipeline.","cdc.gov",nutrition,neutral,en,248,871,120,2023-09-06,"https://cdc.gov/article-1182"
1183,"Bladder cancer early detection","<div>New covid wave detected in Europe. Cases rising fast!!!</div>","reuters.com",endocrinology,negative,en,166,5181,89,2024-01-27,"https://reuters.com/article-1183"
1184,"<div>Cholesterol tips</div>","Ovarian cancer: silent killer screening treatment surgery chemotherapy.","blog.random.net",rheumatology,negative,en,53,1736,4,INVALID_DATE,"https://blog.random.net/article-1184"
1185,"   ","Coronary artery disease: prevention diet exercise medication surgery.","webmd.com",infectious_disease,positive,en,353,9666,82,2023-06-22,"https://webmd.com/article-1185"
1186,"Acid reflux GERD treatment","","forbes.com",research,NULL,es,6,1409,64,2022-01-18,"https://forbes.com/article-1186"
1187,"Endometriosis treatment advances","<p>Asthma treatment advances include new biologics for severe asthma patients.</p>","medicalnewstoday.com",cardiology,neutral,en,141,380,64,,"https://medicalnewstoday.com/article-1187"
1188,"Celiac disease gluten free diet","Hormonal imbalance symptoms: fatigue weight gain mood changes irregular periods.","theguardian.com",dermatology,mixed,UNKNOWN,53,2884,176,,"https://theguardian.com/article-1188"
1189,"Infertility treatment options 2024","PCOS polycystic ovary syndrome: hormonal disorder affecting reproductive health.","nytimes.com",geriatrics,neutral,en,82,4864,64,2024-10-09,"https://nytimes.com/article-1189"
1190,"Blood clot prevention tips","Eczema: atopic dermatitis treatment moisturizers topical steroids biologics.","healthline.com",infectious_disease,mixed,es,218,5682,138,INVALID_DATE,"https://healthline.com/article-1190"
1191,"Stress management techniques","Weight loss tips: calorie deficit exercise sleep stress management hydration.","UNKNOWN",UNKNOWN,UNKNOWN,en,-5,6342,190,2025-08-15,"UNKNOWN"
1192,"Hormonal imbalance symptoms","<div><p>PCOS polycystic ovary syndrome: hormonal disorder affecting reproductive health.</p></div>","webmd.com",neurology,mixed,UNKNOWN,157,7929,197,2023-03-08,"https://webmd.com/article-1192"
1193,"Cholesterol management tips","Pregnancy complications: preeclampsia gestational diabetes preterm birth.","medscape.com",research,neutral,en,418,5650,169,2022-03-15,"https://medscape.com/article-1193"
1194,"Cancer research breakthrough!!! !!! ### )$","Prostate cancer new treatment shows 90 percent success rate in clinical trials!!!","webmd.com",gynecology,UNKNOWN,NULL,367,3638,85,2025-01-21,"https://webmd.com/article-1194"
1195,"","Infertility treatment: IVF IUI medication surgery lifestyle changes.","N/A",infectious_disease,UNKNOWN,NULL,102,3393,91,2024-11-09,"N/A"
1196,"Multiple sclerosis treatment","Eye health: regular exams UV protection nutrition screen time management.","twitter.com",gastroenterology,negative,en,-7,5272,114,2022-08-27,"https://twitter.com/article-1196"
1197,"Multiple sclerosis treatment","","NULL",research,mixed,en,201,1620,185,2022-10-06,"NULL"
1198,"Psoriasis treatment advances 2024","","blog.random.net",general,negative,en,210,6069,-1,2024-05-06,"https://blog.random.net/article-1198"
1199,"","Eye health: regular exams UV protection nutrition screen time management.","theguardian.com",nephrology,neutral,fr,143,4869,97,2022-07-16,"https://theguardian.com/article-1199"
1200,"Eczema skin condition management","Hair loss: androgenetic alopecia treatment minoxidil finasteride transplant.","healthnews.com",research,NULL,fr,11,1503,190,,"https://healthnews.com/article-1200"
1201,"Kidney disease management tips","<div><p>Blood sugar control: diet exercise medication monitoring regular checkups.</p></div>","webmd.com",gastroenterology,NULL,fr,171,8478,42,2024-09-03,"https://webmd.com/article-1201"
1202,"Addiction recovery strategies","<div><p>Rheumatoid arthritis: autoimmune joint disease treatment biologics DMARDs.</p></div>","theguardian.com",nutrition,UNKNOWN,es,180,5675,169,2025-08-27,"https://theguardian.com/article-1202"
1203,"Lupus autoimmune disease treatment","<article>Children mental health issues rising post pandemic. Parents concerned.</article>","mayoclinic.org",misc,UNKNOWN,UNKNOWN,402,9083,126,INVALID_DATE,"https://mayoclinic.org/article-1203"
1204,"   ","Vitamin D deficiency linked to depression immune dysfunction bone loss.","forbes.com",infectious_disease,UNKNOWN,de,210,4982,186,2025-11-11,"https://forbes.com/article-1204"
1205,"","Sepsis: life threatening infection early detection treatment critical.","nih.gov",misc,mixed,fr,397,1344,1,2023-06-01,"https://nih.gov/article-1205"
1206,"ADVERTISEMENT Best weight loss pill","","who.int",general,negative,en,249,,-1,2024-08-03,"https://who.int/article-1206"
1207,"<b>New diabetes treatment</b>","New vaccine approved showing 95 percent efficacy in clinical trials.","medscape.com",gynecology,NULL,fr,-3,5838,36,2022-09-03,"https://medscape.com/article-1207"
1208,"Healthy aging strategies","<div><h2>Flu season 2024</h2><p>Health officials warn of severe flu season.</p></div>","NULL",nephrology,neutral,de,305,5012,10,2023-02-13,"NULL"
1209,"Sleep problems in students","DUPLICATE TEST CONTENT for testing deduplication pipeline.","twitter.com",geriatrics,negative,en,-7,5888,89,2025-03-01,"https://twitter.com/article-1209"
1210,"","Acne treatment: topical retinoids antibiotics hormonal therapy isotretinoin.","who.int",endocrinology,neutral,en,246,515,28,2025-09-16,"https://who.int/article-1210"
1211,"Gut health and probiotics !!! ### )$","Nutrition tips for heart health: reduce sodium increase fiber eat healthy fats.","nytimes.com",NULL,negative,NULL,297,508,159,2025-03-07,"https://nytimes.com/article-1211"
1212,"COVID-19 long term effects ###","NULL","nih.gov",cardiology,positive,UNKNOWN,178,5450,195,2023-07-08,"https://nih.gov/article-1212"
1213,"Stroke prevention strategies","Psoriasis: skin condition treatment topical medications biologics phototherapy.","reuters.com",gastroenterology,NULL,en,440,3180,134,2023-02-04,"https://reuters.com/article-1213"
1214,"Blood clot prevention tips","Endometriosis treatment: pain management surgery hormone therapy.","nih.gov",rheumatology,mixed,en,348,1815,-1,2025-07-26,"https://nih.gov/article-1214"
1215,"","Addiction recovery: medication assisted treatment therapy support groups.","bbc.com",infectious_disease,negative,de,19,8883,174,2025-10-18,"https://bbc.com/article-1215"
1216,"DUPLICATE TEST TITLE","<div><p>Nutrition tips for heart health: reduce sodium increase fiber eat healthy fats.</p></div>","UNKNOWN",oncology,neutral,NULL,247,172,128,2025-08-11,"UNKNOWN"
1217,"Stroke prevention strategies","","nytimes.com",cardiology,neutral,en,452,9817,188,2025-10-19,"https://nytimes.com/article-1217"
1218,"Covid cases increase !!!","Liver disease prevention: avoid alcohol maintain healthy weight get vaccinated.","UNKNOWN",cardiology,UNKNOWN,UNKNOWN,-7,4301,172,2025-09-21,"UNKNOWN"
1219,"Rheumatoid arthritis management","Stress management: exercise meditation yoga deep breathing time management.","medscape.com",cardiology,neutral,en,293,8358,183,2022-06-17,"https://medscape.com/article-1219"
1220,"Hair loss causes and treatment","Vitamin D deficiency linked to depression immune dysfunction bone loss.","mayoclinic.org",geriatrics,neutral,NULL,311,8094,164,,"https://mayoclinic.org/article-1220"
1221,"","Depression and anxiety disorders affect 264 million people worldwide according to WHO.","blog.random.net",NULL,negative,en,389,738,145,2022-05-19,"https://blog.random.net/article-1221"
1222,"   ","<p>Asthma treatment advances include new biologics for severe asthma patients.</p>","NULL",misc,neutral,fr,386,1448,34,2024-09-09,"NULL"
1223,"   ","<div>Insomnia affects 30 percent of adults. Cognitive behavioral therapy most effective.</div>","nytimes.com",misc,positive,fr,105,9399,44,2025-01-25,"https://nytimes.com/article-1223"
1224,"Heart disease risk factors ##","","twitter.com",mental_health,mixed,de,330,2820,50,2024-08-03,"https://twitter.com/article-1224"
1225,"Blood sugar control strategies","<div><p>Infertility treatment: IVF IUI medication surgery lifestyle changes.</p></div>","nytimes.com",UNKNOWN,mixed,UNKNOWN,436,8107,39,2025-05-22,"https://nytimes.com/article-1225"
1226,"   ","NULL","cdc.gov",infectious_disease,UNKNOWN,en,424,1024,-1,2024-03-22,"https://cdc.gov/article-1226"
1227,"Cholesterol management tips","Eating disorders anorexia bulimia binge eating require professional treatment.","N/A",gastroenterology,NULL,NULL,413,,132,,"N/A"
1228,"Kidney stones prevention tips","","webmd.com",endocrinology,UNKNOWN,en,265,9497,193,2022-09-26,"https://webmd.com/article-1228"
1229,"Migraine headache causes and cures","NULL","mayoclinic.org",misc,negative,en,150,230,103,2022-06-20,"https://mayoclinic.org/article-1229"
1230,"Acne treatment for adults","DUPLICATE TEST CONTENT for testing deduplication pipeline.","medscape.com",pediatrics,positive,de,130,2777,4,,"https://medscape.com/article-1230"
1231,"Polycystic ovary syndrome PCOS","","theguardian.com",endocrinology,positive,es,257,8189,21,2022-03-15,"https://theguardian.com/article-1231"
1232,"   ","Blood clot prevention: movement hydration compression stockings medication.","theguardian.com",research,UNKNOWN,es,107,2746,106,2024-08-11,"https://theguardian.com/article-1232"
1233,"Tuberculosis prevention strategies !!! ### )$","Acne treatment: topical retinoids antibiotics hormonal therapy isotretinoin.","nih.gov",gynecology,positive,NULL,153,4983,162,2023-05-24,"https://nih.gov/article-1233"
1234,"Gut health and probiotics","Rheumatoid arthritis: autoimmune joint disease treatment biologics DMARDs.","blog.random.net",gastroenterology,mixed,fr,-1,8259,169,2024-02-22,"https://blog.random.net/article-1234"
1235,"Blood sugar control strategies","<div><p>ADHD in children treatment includes medication behavioral therapy parent training.</p></div>","mayoclinic.org",general,mixed,de,408,9529,148,2023-01-24,"https://mayoclinic.org/article-1235"
1236,"Obesity rates rising worldwide","<div><p>Liver disease prevention: avoid alcohol maintain healthy weight get vaccinated.</p></div>","mayoclinic.org",research,neutral,fr,84,5497,191,2025-11-13,"https://mayoclinic.org/article-1236"
1237,"ADVERTISEMENT Best weight loss pill","Prostate cancer new treatment shows 90 percent success rate in clinical trials!!!","healthline.com",cardiology,mixed,en,-4,,18,2022-06-03,"https://healthline.com/article-1237"
1238,"DUPLICATE TEST TITLE","Thyroid disease symptoms include fatigue weight changes mood swings hair loss.","nih.gov",dermatology,positive,es,31,,187,,"https://nih.gov/article-1238"
1239,"Dental health tips for adults !!! ### )$","DUPLICATE TEST CONTENT for testing deduplication pipeline.","nytimes.com",dermatology,neutral,fr,478,9839,119,2025-01-16,"https://nytimes.com/article-1239"
1240,"COPD chronic lung disease !!! ### )$","Gut health probiotics prebiotics fiber diet microbiome mental health connection.","who.int",dermatology,positive,en,91,8414,185,2022-04-27,"https://who.int/article-1240"
1241,"Celiac disease gluten free diet","DUPLICATE TEST CONTENT for testing deduplication pipeline.","forbes.com",gastroenterology,NULL,UNKNOWN,-4,5165,177,2024-04-17,"https://forbes.com/article-1241"
1242,"   ","New antibiotic resistant bacteria strain discovered in hospital settings worldwide.","N/A",dermatology,positive,en,47,9987,-1,2025-06-15,"N/A"
1243,"Hair loss causes and treatment","Healthy aging: exercise nutrition social connection mental stimulation sleep.","who.int",UNKNOWN,NULL,en,437,3490,-1,INVALID_DATE,"https://who.int/article-1243"
1244,"High blood pressure treatment","### SPAM ### Buy now!!! Click here!!!","theguardian.com",gastroenterology,mixed,UNKNOWN,45,5787,53,2025-04-13,"https://theguardian.com/article-1244"
1245,"Stroke prevention strategies","NULL","twitter.com",geriatrics,negative,en,23,9692,97,2022-04-24,"https://twitter.com/article-1245"
1246,"Malaria treatment advances","<div><p>Sepsis: life threatening infection early detection treatment critical.</p></div>","UNKNOWN",gastroenterology,mixed,en,430,7261,1,2022-04-27,"UNKNOWN"
1247,"   ","<div><h2>Flu season 2024</h2><p>Health officials warn of severe flu season.</p></div>","reddit.com",general,positive,en,371,9289,26,2025-08-14,"https://reddit.com/article-1247"
1248,"DUPLICATE TEST TITLE","Menopause symptoms: hot flashes night sweats mood changes bone loss.","nih.gov",general,NULL,en,307,5132,187,2024-05-11,"https://nih.gov/article-1248"
1249,"Heart failure treatment options","<div>New covid wave detected in Europe. Cases rising fast!!!</div>","nih.gov",gastroenterology,UNKNOWN,fr,13,3905,139,,"https://nih.gov/article-1249"
1250,"Lung cancer early detection","Kidney stones: prevention hydration diet medication lithotripsy surgery.","nih.gov",UNKNOWN,mixed,en,-2,7335,12,2023-01-09,"https://nih.gov/article-1250"
1251,"Immune system boost tips","","reddit.com",pulmonology,positive,de,68,1817,183,2024-07-24,"https://reddit.com/article-1251"
1252,"Acid reflux GERD treatment","ADHD in children treatment includes medication behavioral therapy parent training.","cdc.gov",rheumatology,neutral,en,-2,2702,11,2025-01-09,"https://cdc.gov/article-1252"
1253,"Insomnia treatment options","Type 2 diabetes can be prevented with lifestyle changes diet exercise weight loss.","webmd.com",nutrition,UNKNOWN,fr,-1,6852,183,2024-02-04,"https://webmd.com/article-1253"
1254,"COPD chronic lung disease","Breast cancer screening guidelines updated. Annual mammograms recommended from age 40.","nytimes.com",rheumatology,mixed,en,13,1484,14,2022-02-08,"https://nytimes.com/article-1254"
1255,"Heart failure treatment options","<div><p>New antibiotic resistant bacteria strain discovered in hospital settings worldwide.</p></div>","NULL",neurology,NULL,en,123,1755,152,2022-01-05,"NULL"
1256,"Prostate cancer new treatment!!!","","medicalnewstoday.com",endocrinology,neutral,NULL,114,8306,60,2025-04-12,"https://medicalnewstoday.com/article-1256"
1257,"ADHD in children treatment !!! ### )$","Acne treatment: topical retinoids antibiotics hormonal therapy isotretinoin.","forbes.com",pulmonology,UNKNOWN,NULL,63,5768,164,2024-01-09,"https://forbes.com/article-1257"
1258,"Stress management techniques","<div><p>ADVERTISEMENT Buy cheap medications online no prescription needed</p></div>","medicalnewstoday.com",oncology,mixed,en,215,4057,-1,INVALID_DATE,"https://medicalnewstoday.com/article-1258"
1259,"Covid cases increase !!!","Coronary artery disease: prevention diet exercise medication surgery.","bbc.com",nutrition,UNKNOWN,es,234,6107,2,,"https://bbc.com/article-1259"
1260,"Dental health tips for adults","Migraine headaches affect 1 billion people worldwide. New treatments available.","cdc.gov",neurology,positive,UNKNOWN,320,8873,118,2023-07-05,"https://cdc.gov/article-1260"
1261,"Obesity rates rising worldwide","Type 2 diabetes can be prevented with lifestyle changes diet exercise weight loss.","who.int",infectious_disease,positive,fr,-3,5393,95,2022-03-14,"https://who.int/article-1261"
1262,"Exercise benefits for seniors","COVID-19 long term effects include fatigue brain fog shortness of breath ### noise","reuters.com",general,neutral,en,351,9168,14,INVALID_DATE,"https://reuters.com/article-1262"
1263,"Skin cancer prevention tips !!! ### )$","Thyroid disease symptoms include fatigue weight changes mood swings hair loss.","twitter.com",nephrology,mixed,en,337,3371,192,2022-06-10,"https://twitter.com/article-1263"
1264,"<b>New diabetes treatment</b> !!! ### )$","Lung cancer early detection saves lives. CT scan recommended for high risk patients.","NULL",dermatology,mixed,de,323,,11,2023-10-17,"NULL"
1265,"Acid reflux GERD treatment","Multiple sclerosis treatment advances include new disease modifying therapies.","reddit.com",misc,negative,NULL,251,6205,159,2023-03-22,"https://reddit.com/article-1265"
1266,"","Obesity epidemic continues to grow in developed countries worldwide.","reddit.com",oncology,negative,en,30,7309,18,2023-02-09,"https://reddit.com/article-1266"
1267,"","Hormonal imbalance symptoms: fatigue weight gain mood changes irregular periods.","blog.random.net",infectious_disease,NULL,en,109,6980,161,2025-10-01,"https://blog.random.net/article-1267"
1268,"Addiction recovery strategies !!! ### )$","Malaria treatment: artemisinin combination therapy prevention mosquito nets.","mayoclinic.org",nephrology,mixed,de,173,63,111,2025-02-16,"https://mayoclinic.org/article-1268"
1269,"Liver disease prevention","DUPLICATE TEST CONTENT for testing deduplication pipeline.","medicalnewstoday.com",research,NULL,de,-9,6090,29,2025-02-23,"https://medicalnewstoday.com/article-1269"
1270,"New antibiotic resistant bacteria","Alzheimers disease affects 50 million people worldwide. New hope from research.","reddit.com",dermatology,UNKNOWN,NULL,114,8857,-1,2025-02-07,"https://reddit.com/article-1270"
1271,"<h2>Flu season 2024 warning</h2>","","webmd.com",cardiology,neutral,fr,151,7418,185,2022-07-08,"https://webmd.com/article-1271"
1272,"Kidney stones prevention tips","<div><p>Liver disease prevention: avoid alcohol maintain healthy weight get vaccinated.</p></div>","blog.random.net",research,negative,en,150,2169,81,2024-05-06,"https://blog.random.net/article-1272"
1273,"Eye health and vision care","COVID-19 long term effects include fatigue brain fog shortness of breath ### noise","UNKNOWN",infectious_disease,mixed,UNKNOWN,121,9630,127,INVALID_DATE,"UNKNOWN"
1274,"   ","Parkinsons disease research shows promising results with new gene therapy approach.","who.int",dermatology,neutral,en,390,7620,159,2023-10-26,"https://who.int/article-1274"
1275,"DUPLICATE TEST TITLE","","bbc.com",pulmonology,positive,en,278,8376,46,2022-11-05,"https://bbc.com/article-1275"
1276,"Liver disease prevention","<div><p>Eczema: atopic dermatitis treatment moisturizers topical steroids biologics.</p></div>","webmd.com",endocrinology,neutral,fr,439,8761,176,2023-09-21,"https://webmd.com/article-1276"
1277,"Sleep problems in students","<div><h2>Flu season 2024</h2><p>Health officials warn of severe flu season.</p></div>","reddit.com",gastroenterology,mixed,UNKNOWN,476,7495,30,2023-04-20,"https://reddit.com/article-1277"
1278,"Prostate cancer new treatment!!!","NULL","N/A",gastroenterology,positive,de,286,2631,166,2025-08-09,"N/A"
1279,"Eye health and vision care","High blood pressure hypertension affects 1 in 3 adults. New treatment options.","cdc.gov",gastroenterology,mixed,es,496,4560,94,,"https://cdc.gov/article-1279"
1280,"Polycystic ovary syndrome PCOS","Stress management: exercise meditation yoga deep breathing time management.","UNKNOWN",rheumatology,UNKNOWN,UNKNOWN,-4,1256,183,2022-10-08,"UNKNOWN"
1281,"<h2>Flu season 2024 warning</h2>","Vitamin D deficiency linked to depression immune dysfunction bone loss.","nytimes.com",general,UNKNOWN,en,77,8116,141,INVALID_DATE,"https://nytimes.com/article-1281"
1282,"Ovarian cancer screening !!! ### )$","Obesity epidemic continues to grow in developed countries worldwide.","healthline.com",nutrition,mixed,fr,494,431,169,2022-05-14,"https://healthline.com/article-1282"
1283,"Kidney stones prevention tips","NULL","forbes.com",neurology,NULL,en,372,4336,123,2022-03-16,"https://forbes.com/article-1283"
1284,"Blood sugar control strategies","<p>Scientists discover new treatment for diabetes type 2. Results promising.</p>","forbes.com",gastroenterology,neutral,es,-2,2783,53,2023-05-03,"https://forbes.com/article-1284"
1285,"Covid cases increase !!!","Iron deficiency anemia most common nutritional deficiency worldwide affects women.","healthline.com",endocrinology,neutral,en,411,1225,103,INVALID_DATE,"https://healthline.com/article-1285"
1286,"Eczema skin condition management","### SPAM ### Buy now!!! Click here!!!","forbes.com",general,NULL,en,382,4141,130,2025-07-04,"https://forbes.com/article-1286"
1287,"Asthma treatment advances 2024","<div><p>ADVERTISEMENT Buy cheap medications online no prescription needed</p></div>","UNKNOWN",misc,UNKNOWN,en,397,4242,167,INVALID_DATE,"UNKNOWN"
1288,"Pregnancy complications prevention","Lupus: autoimmune disease affects multiple organs treatment medication.","bbc.com",gynecology,UNKNOWN,NULL,270,48,21,,"https://bbc.com/article-1288"
1289,"Endometriosis treatment advances","","healthline.com",nephrology,positive,de,439,2756,43,2023-01-24,"https://healthline.com/article-1289"
1290,"","Celiac disease: autoimmune condition triggered by gluten strict diet required.","who.int",research,positive,fr,247,188,110,2024-09-06,"https://who.int/article-1290"
1291,"Endometriosis treatment advances","<div><p>Rheumatoid arthritis: autoimmune joint disease treatment biologics DMARDs.</p></div>","bbc.com",mental_health,neutral,en,485,8281,80,2024-04-15,"https://bbc.com/article-1291"
1292,"Lung cancer early detection","NULL","cdc.gov",misc,mixed,en,237,4055,17,2022-09-17,"https://cdc.gov/article-1292"
1293,"   ","Students suffer from sleep deprivation. Academic performance declining.","who.int",gynecology,NULL,UNKNOWN,264,7779,27,2024-09-07,"https://who.int/article-1293"
1294,"Parkinsons disease research","NULL","medscape.com",endocrinology,positive,en,160,1724,89,2022-02-14,"https://medscape.com/article-1294"
1295,"Stroke prevention strategies","<div><p>ADVERTISEMENT Buy cheap medications online no prescription needed</p></div>","N/A",nutrition,mixed,en,242,6623,178,2025-01-13,"N/A"
1296,"Infertility treatment options 2024","NULL","cdc.gov",mental_health,mixed,NULL,396,9845,153,2024-06-03,"https://cdc.gov/article-1296"
1297,"Celiac disease gluten free diet","<div><p>HIV AIDS research: new treatments improve life expectancy quality of life.</p></div>","twitter.com",endocrinology,neutral,es,435,4645,66,2023-06-18,"https://twitter.com/article-1297"
1298,"Heart failure treatment options","Obesity epidemic continues to grow in developed countries worldwide.","UNKNOWN",oncology,neutral,en,-10,2969,72,2024-05-22,"UNKNOWN"
1299,"Irritable bowel syndrome IBS","Crohns disease: inflammatory bowel disease medication surgery lifestyle.","NULL",neurology,negative,NULL,314,6282,130,2022-10-23,"NULL"
1300,"<b>New diabetes treatment</b> !!! ### )$","Acne treatment: topical retinoids antibiotics hormonal therapy isotretinoin.","UNKNOWN",general,neutral,de,5,6397,150,2025-03-04,"UNKNOWN"
1301,"","Type 2 diabetes can be prevented with lifestyle changes diet exercise weight loss.","theguardian.com",gastroenterology,positive,NULL,432,1556,145,2025-07-03,"https://theguardian.com/article-1301"
1302,"   ","New antibiotic resistant bacteria strain discovered in hospital settings worldwide.","webmd.com",research,UNKNOWN,UNKNOWN,341,2869,43,2022-01-24,"https://webmd.com/article-1302"
1303,"Skin cancer prevention tips","<div><p><div><h2>Flu season 2024</h2><p>Health officials warn of severe flu season.</p></div></p></div>","UNKNOWN",dermatology,mixed,en,425,2700,51,2022-08-20,"UNKNOWN"
1304,"DUPLICATE TEST TITLE","Crohns disease: inflammatory bowel disease medication surgery lifestyle.","cdc.gov",nutrition,neutral,en,228,989,39,INVALID_DATE,"https://cdc.gov/article-1304"
1305,"HIV AIDS latest research 2024","","nytimes.com",nephrology,positive,fr,313,4298,177,2025-02-13,"https://nytimes.com/article-1305"
1306,"Bone health and osteoporosis","Nutrition tips for heart health: reduce sodium increase fiber eat healthy fats.","forbes.com",gynecology,neutral,NULL,-8,5002,94,2022-11-10,"https://forbes.com/article-1306"
1307,"### SPAM ### Buy medications online ###","<div><p>Weight loss tips: calorie deficit exercise sleep stress management hydration.</p></div>","reuters.com",gynecology,UNKNOWN,en,415,3070,96,2024-04-09,"https://reuters.com/article-1307"
1308,"Irritable bowel syndrome IBS","NULL","webmd.com",oncology,negative,de,8,6554,39,2024-11-05,"https://webmd.com/article-1308"
1309,"Blood clot prevention tips","<div><p>Psoriasis: skin condition treatment topical medications biologics phototherapy.</p></div>","who.int",NULL,NULL,en,149,8383,36,2024-04-18,"https://who.int/article-1309"
1310,"   ","Prostate cancer new treatment shows 90 percent success rate in clinical trials!!!","healthnews.com",cardiology,positive,UNKNOWN,422,4152,119,2024-08-25,"https://healthnews.com/article-1310"
1311,"Blood clot prevention tips","","theguardian.com",misc,NULL,es,10,,152,2022-09-25,"https://theguardian.com/article-1311"
1312,"Nutrition tips for heart health","Stroke prevention: control blood pressure cholesterol diabetes exercise regularly.","medscape.com",geriatrics,positive,en,494,8573,111,2024-01-12,"https://medscape.com/article-1312"
1313,"","High blood pressure hypertension affects 1 in 3 adults. New treatment options.","forbes.com",pulmonology,UNKNOWN,UNKNOWN,268,7616,147,2025-08-06,"https://forbes.com/article-1313"
1314,"Thyroid disease symptoms","<div><p><div><p>ADVERTISEMENT Buy cheap medications online no prescription needed</p></div></p></div>","blog.random.net",gynecology,negative,en,465,1197,23,2025-04-14,"https://blog.random.net/article-1314"
1315,"   ","DUPLICATE TEST CONTENT for testing deduplication pipeline.","medscape.com",pulmonology,mixed,en,490,1136,192,2025-06-01,"https://medscape.com/article-1315"
1316,"   ","IBS irritable bowel syndrome: diet stress management medication therapy.","cdc.gov",cardiology,mixed,en,187,6097,184,2022-09-15,"https://cdc.gov/article-1316"
1317,"Iron deficiency anemia treatment","NULL","medicalnewstoday.com",pediatrics,mixed,de,297,9342,100,2025-05-25,"https://medicalnewstoday.com/article-1317"
1318,"Infertility treatment options 2024","NULL","nih.gov",UNKNOWN,NULL,NULL,442,8008,144,2025-10-10,"https://nih.gov/article-1318"
1319,"COVID-19 long term effects ###","<div>Insomnia affects 30 percent of adults. Cognitive behavioral therapy most effective.</div>","twitter.com",gastroenterology,neutral,fr,-6,2606,49,2023-02-20,"https://twitter.com/article-1319"
1320,"Mindfulness and meditation benefits !!! ### )$","New antibiotic resistant bacteria strain discovered in hospital settings worldwide.","medscape.com",gastroenterology,positive,fr,139,4562,192,2023-03-21,"https://medscape.com/article-1320"
1321,"   ","Eating disorders anorexia bulimia binge eating require professional treatment.","theguardian.com",cardiology,positive,de,203,9226,-1,2023-04-21,"https://theguardian.com/article-1321"
1322,"Eye health and vision care","Mental health crisis affecting teenagers globally. Depression rates up 30 percent.","forbes.com",cardiology,mixed,NULL,-9,8955,67,2025-09-15,"https://forbes.com/article-1322"
1323,"Bone health and osteoporosis !!! ### )$","Vitamin D deficiency linked to depression immune dysfunction bone loss.","theguardian.com",pediatrics,negative,es,66,8404,175,2025-06-05,"https://theguardian.com/article-1323"
1324,"   ","COVID-19 long term effects include fatigue brain fog shortness of breath ### noise","who.int",misc,NULL,en,287,3192,12,2025-09-07,"https://who.int/article-1324"
1325,"   ","NULL","cdc.gov",endocrinology,neutral,es,318,847,192,2022-01-23,"https://cdc.gov/article-1325"
1326,"Infertility treatment options 2024","","theguardian.com",NULL,mixed,NULL,46,6064,74,2024-06-22,"https://theguardian.com/article-1326"
1327,"Healthy aging strategies","<div><p>Infertility treatment: IVF IUI medication surgery lifestyle changes.</p></div>","webmd.com",research,negative,de,13,7754,124,2024-09-13,"https://webmd.com/article-1327"
1328,"Pneumonia treatment guidelines !!! ### )$","### SPAM ### Buy now!!! Click here!!!","theguardian.com",misc,NULL,en,474,1487,29,2025-05-10,"https://theguardian.com/article-1328"
1329,"Autism spectrum disorder research","","cdc.gov",neurology,negative,es,345,8530,152,2025-08-12,"https://cdc.gov/article-1329"
1330,"Menopause symptoms management","Nutrition tips for heart health: reduce sodium increase fiber eat healthy fats.","healthline.com",gynecology,mixed,es,220,1498,148,,"https://healthline.com/article-1330"
1331,"Pneumonia treatment guidelines","Hormonal imbalance symptoms: fatigue weight gain mood changes irregular periods.","mayoclinic.org",rheumatology,negative,de,199,2045,-1,2023-06-23,"https://mayoclinic.org/article-1331"
1332,"Arthritis pain management","","blog.random.net",NULL,mixed,en,109,9382,11,2024-01-03,"https://blog.random.net/article-1332"
1333,"Bone health and osteoporosis","Mindfulness meditation reduces stress anxiety depression improves wellbeing.","reuters.com",infectious_disease,mixed,es,144,5686,149,2022-09-02,"https://reuters.com/article-1333"
1334,"","Crohns disease: inflammatory bowel disease medication surgery lifestyle.","twitter.com",dermatology,UNKNOWN,NULL,195,5426,3,2025-08-16,"https://twitter.com/article-1334"
1335,"   ","Students suffer from sleep deprivation. Academic performance declining.","medicalnewstoday.com",misc,negative,NULL,388,4195,-1,2022-11-04,"https://medicalnewstoday.com/article-1335"
1336,"Eating disorders treatment","Stress management: exercise meditation yoga deep breathing time management.","reuters.com",nephrology,positive,en,309,1754,125,2024-08-19,"https://reuters.com/article-1336"
1337,"<div>Cholesterol tips</div>","","who.int",UNKNOWN,neutral,en,28,6869,171,2023-06-10,"https://who.int/article-1337"
1338,"Lung cancer early detection","ADHD in children treatment includes medication behavioral therapy parent training.","twitter.com",dermatology,neutral,es,380,5699,117,,"https://twitter.com/article-1338"
1339,"Healthy aging strategies","Psoriasis: skin condition treatment topical medications biologics phototherapy.","forbes.com",nutrition,UNKNOWN,de,4,8125,47,,"https://forbes.com/article-1339"
1340,"Psoriasis treatment advances 2024","Kidney disease management requires regular monitoring diet changes medication.","theguardian.com",rheumatology,mixed,de,165,6244,87,INVALID_DATE,"https://theguardian.com/article-1340"
1341,"Exercise benefits for seniors","<p>Scientists discover new treatment for diabetes type 2. Results promising.</p>","reuters.com",gynecology,mixed,UNKNOWN,-9,8403,82,2023-03-25,"https://reuters.com/article-1341"
1342,"Prostate cancer new treatment!!!","NULL","medicalnewstoday.com",geriatrics,negative,en,188,1227,126,2023-07-01,"https://medicalnewstoday.com/article-1342"
1343,"Alzheimer disease new hope","Pregnancy complications: preeclampsia gestational diabetes preterm birth.","reuters.com",rheumatology,UNKNOWN,es,211,,160,INVALID_DATE,"https://reuters.com/article-1343"
1344,"DUPLICATE TEST TITLE","<div><p>Ovarian cancer: silent killer screening treatment surgery chemotherapy.</p></div>","forbes.com",geriatrics,mixed,es,43,1892,136,2025-08-03,"https://forbes.com/article-1344"
1345,"<div>Cholesterol tips</div>","NULL","N/A",nephrology,UNKNOWN,UNKNOWN,64,8683,81,2023-03-17,"N/A"
1346,"Stress management techniques","<div><p>Dengue fever prevention: mosquito control no specific treatment supportive care.</p></div>","healthline.com",rheumatology,negative,es,75,6985,131,2023-05-16,"https://healthline.com/article-1346"
1347,"Autism spectrum disorder research","Rheumatoid arthritis: autoimmune joint disease treatment biologics DMARDs.","UNKNOWN",pediatrics,NULL,en,487,1591,75,2023-07-23,"UNKNOWN"
1348,"UTI prevention tips","<div><p>DUPLICATE TEST CONTENT for testing deduplication pipeline.</p></div>","mayoclinic.org",endocrinology,UNKNOWN,de,221,1792,44,2022-08-06,"https://mayoclinic.org/article-1348"
1349,"","Stroke prevention: control blood pressure cholesterol diabetes exercise regularly.","healthnews.com",cardiology,UNKNOWN,en,383,468,106,2023-10-11,"https://healthnews.com/article-1349"
1350,"Lung cancer early detection","Kidney stones: prevention hydration diet medication lithotripsy surgery.","twitter.com",nephrology,neutral,en,270,8827,6,INVALID_DATE,"https://twitter.com/article-1350"
1351,"!!!BREAKING New virus detected!!!","<p>Immune system boost: sleep well eat healthy exercise manage stress.</p>","medscape.com",NULL,mixed,NULL,461,448,178,,"https://medscape.com/article-1351"
1352,"","Thyroid disease symptoms include fatigue weight changes mood swings hair loss.","who.int",nutrition,mixed,es,161,3293,36,2022-07-12,"https://who.int/article-1352"
1353,"Bladder cancer early detection !!! ### )$","Blood sugar control: diet exercise medication monitoring regular checkups.","reddit.com",research,UNKNOWN,en,273,,154,2023-10-04,"https://reddit.com/article-1353"
1354,"Hormonal imbalance symptoms","COVID-19 long term effects include fatigue brain fog shortness of breath ### noise","theguardian.com",gastroenterology,neutral,NULL,45,5411,16,,"https://theguardian.com/article-1354"
1355,"Thyroid disease symptoms","<div><p>Lupus: autoimmune disease affects multiple organs treatment medication.</p></div>","blog.random.net",gynecology,neutral,en,221,1732,111,2024-10-12,"https://blog.random.net/article-1355"
1356,"Eczema skin condition management","<p>Immune system boost: sleep well eat healthy exercise manage stress.</p>","nih.gov",dermatology,neutral,es,161,1151,38,INVALID_DATE,"https://nih.gov/article-1356"
1357,"Parkinsons disease research","<div><p>HIV AIDS research: new treatments improve life expectancy quality of life.</p></div>","nih.gov",NULL,mixed,en,110,4968,111,2024-11-25,"https://nih.gov/article-1357"
1358,"<b>New diabetes treatment</b>","","nytimes.com",infectious_disease,UNKNOWN,UNKNOWN,415,2809,136,2025-09-11,"https://nytimes.com/article-1358"
1359,"Kidney disease management tips !!! ### )$","<div>Autism spectrum disorder research advances in early detection intervention.</div>","medicalnewstoday.com",research,UNKNOWN,es,302,585,146,2022-11-10,"https://medicalnewstoday.com/article-1359"
1360,"Migraine headache causes and cures","","mayoclinic.org",pulmonology,negative,en,443,,1,2022-05-04,"https://mayoclinic.org/article-1360"
1361,"   ","<div>Insomnia affects 30 percent of adults. Cognitive behavioral therapy most effective.</div>","bbc.com",neurology,UNKNOWN,fr,144,5978,170,2023-11-25,"https://bbc.com/article-1361"
1362,"NULL","","nih.gov",UNKNOWN,mixed,fr,493,3570,42,2024-10-18,"https://nih.gov/article-1362"
1363,"Bone health and osteoporosis","Mental health crisis affecting teenagers globally. Depression rates up 30 percent.","healthline.com",infectious_disease,negative,es,189,6117,126,2024-04-02,"https://healthline.com/article-1363"
1364,"   ","Prostate cancer new treatment shows 90 percent success rate in clinical trials!!!","twitter.com",geriatrics,neutral,en,121,8248,168,2023-03-05,"https://twitter.com/article-1364"
1365,"","Pneumonia treatment: antibiotics antivirals supportive care hospitalization.","UNKNOWN",nutrition,neutral,fr,436,8851,194,2024-07-04,"UNKNOWN"
1366,"Mental health crisis in teens !!! ### )$","NULL","N/A",misc,mixed,NULL,5,5058,45,2024-04-24,"N/A"
1367,"   ","Blood sugar control: diet exercise medication monitoring regular checkups.","mayoclinic.org",mental_health,UNKNOWN,en,167,2411,32,2023-09-04,"https://mayoclinic.org/article-1367"
1368,"","Liver disease prevention: avoid alcohol maintain healthy weight get vaccinated.","N/A",neurology,NULL,en,241,7895,2,2024-03-24,"N/A"
1369,"### SPAM ### Buy medications online ###","","reuters.com",nutrition,positive,UNKNOWN,103,6752,79,2022-06-14,"https://reuters.com/article-1369"
1370,"","Bladder cancer: early detection treatment surgery chemotherapy immunotherapy.","healthnews.com",pediatrics,negative,en,371,7652,25,2023-09-26,"https://healthnews.com/article-1370"
1371,"   ","Kidney stones: prevention hydration diet medication lithotripsy surgery.","twitter.com",dermatology,positive,en,3,6801,3,2025-02-20,"https://twitter.com/article-1371"
1372,"","Endometriosis treatment: pain management surgery hormone therapy.","bbc.com",nephrology,UNKNOWN,UNKNOWN,199,3538,116,2024-01-09,"https://bbc.com/article-1372"
1373,"Stress management techniques","Addiction recovery: medication assisted treatment therapy support groups.","bbc.com",pediatrics,negative,NULL,470,647,23,2022-09-25,"https://bbc.com/article-1373"
1374,"Acne treatment for adults","Prostate cancer new treatment shows 90 percent success rate in clinical trials!!!","reuters.com",infectious_disease,UNKNOWN,NULL,448,3305,2,2023-06-05,"https://reuters.com/article-1374"
1375,"DUPLICATE TEST TITLE","DUPLICATE TEST CONTENT for testing deduplication pipeline.","nih.gov",dermatology,mixed,de,421,5672,179,INVALID_DATE,"https://nih.gov/article-1375"
1376,"Stroke prevention strategies","NULL","healthline.com",dermatology,negative,fr,437,7494,86,2024-07-02,"https://healthline.com/article-1376"
1377,"Heart disease risk factors ##","Mental health crisis affecting teenagers globally. Depression rates up 30 percent.","forbes.com",dermatology,negative,en,-7,7431,102,2024-07-02,"https://forbes.com/article-1377"
1378,"Acid reflux GERD treatment","<h1>Heart disease remains leading cause of death worldwide</h1>","healthline.com",gynecology,positive,NULL,90,9626,83,2023-09-10,"https://healthline.com/article-1378"
1379,"   ","Crohns disease: inflammatory bowel disease medication surgery lifestyle.","bbc.com",nephrology,NULL,en,398,6196,45,2023-07-08,"https://bbc.com/article-1379"
1380,"Lung cancer early detection","Stress management: exercise meditation yoga deep breathing time management.","forbes.com",dermatology,negative,NULL,387,7724,-1,2022-02-20,"https://forbes.com/article-1380"
1381,"   ","<div>Autism spectrum disorder research advances in early detection intervention.</div>","theguardian.com",gastroenterology,neutral,NULL,287,226,114,2025-07-06,"https://theguardian.com/article-1381"
1382,"Healthy aging strategies !!! ### )$","Depression and anxiety disorders affect 264 million people worldwide according to WHO.","UNKNOWN",nutrition,positive,en,81,7963,184,2024-10-04,"UNKNOWN"
1383,"Ovarian cancer screening","<div><p>NULL</p></div>","medicalnewstoday.com",pediatrics,positive,UNKNOWN,333,7328,125,2023-08-05,"https://medicalnewstoday.com/article-1383"
1384,"Vitamin D deficiency symptoms","<div><p>Hepatitis B C treatment: antiviral medications cure possible for hepatitis C.</p></div>","webmd.com",rheumatology,mixed,en,481,5314,117,2025-06-06,"https://webmd.com/article-1384"
1385,"Lupus autoimmune disease treatment","NULL","nytimes.com",gastroenterology,neutral,NULL,434,2634,55,2023-02-07,"https://nytimes.com/article-1385"
1386,"Polycystic ovary syndrome PCOS","Menopause symptoms: hot flashes night sweats mood changes bone loss.","nytimes.com",general,UNKNOWN,es,-6,7413,105,2023-08-24,"https://nytimes.com/article-1386"
1387,"Immune system boost tips","High blood pressure hypertension affects 1 in 3 adults. New treatment options.","twitter.com",pediatrics,neutral,en,302,1895,43,INVALID_DATE,"https://twitter.com/article-1387"
1388,"Obesity rates rising worldwide","Lung cancer early detection saves lives. CT scan recommended for high risk patients.","reuters.com",pulmonology,UNKNOWN,de,426,1681,-1,,"https://reuters.com/article-1388"
1389,"Gut health and probiotics","UTI prevention: hydration hygiene cranberry probiotics antibiotics.","cdc.gov",nephrology,mixed,UNKNOWN,409,9023,-1,INVALID_DATE,"https://cdc.gov/article-1389"
1390,"### SPAM ### Buy medications online ### !!! ### )$","Mental health crisis affecting teenagers globally. Depression rates up 30 percent.","twitter.com",geriatrics,mixed,en,22,8018,86,2024-08-11,"https://twitter.com/article-1390"
1391,"Vitamin D deficiency symptoms","<div><p>Dengue fever prevention: mosquito control no specific treatment supportive care.</p></div>","healthnews.com",gastroenterology,positive,NULL,296,9755,140,2023-10-15,"https://healthnews.com/article-1391"
1392,"Kidney stones prevention tips","Multiple sclerosis treatment advances include new disease modifying therapies.","UNKNOWN",oncology,neutral,en,-10,,14,2024-02-13,"UNKNOWN"
1393,"### SPAM ### Buy medications online ###","Rheumatoid arthritis: autoimmune joint disease treatment biologics DMARDs.","reddit.com",misc,negative,en,279,9738,155,2025-08-05,"https://reddit.com/article-1393"
1394,"   ","Vitamin D deficiency linked to depression immune dysfunction bone loss.","bbc.com",neurology,negative,es,463,5790,148,2024-07-24,"https://bbc.com/article-1394"
1395,"Children mental health issues","Migraine headaches affect 1 billion people worldwide. New treatments available.","reuters.com",pediatrics,negative,es,403,6858,37,2022-05-21,"https://reuters.com/article-1395"
1396,"<b>New diabetes treatment</b>","Dengue fever prevention: mosquito control no specific treatment supportive care.","bbc.com",mental_health,UNKNOWN,en,347,9990,189,INVALID_DATE,"https://bbc.com/article-1396"
1397,"!!!BREAKING New virus detected!!! !!! ### )$","Stroke prevention: control blood pressure cholesterol diabetes exercise regularly.","medicalnewstoday.com",mental_health,positive,fr,16,3240,108,2025-11-09,"https://medicalnewstoday.com/article-1397"
1398,"   ","   ","cdc.gov",pediatrics,UNKNOWN,NULL,26,5921,64,2022-01-11,"https://cdc.gov/article-1398"
1399,"   ","DUPLICATE TEST CONTENT for testing deduplication pipeline.","UNKNOWN",pulmonology,positive,en,247,359,51,2024-10-01,"UNKNOWN"
1400,"Ovarian cancer screening","PCOS polycystic ovary syndrome: hormonal disorder affecting reproductive health.","nytimes.com",mental_health,NULL,UNKNOWN,29,2723,34,INVALID_DATE,"https://nytimes.com/article-1400"
1401,"<div>Cholesterol tips</div>","<div><p>### SPAM ### Buy now!!! Click here!!!</p></div>","medicalnewstoday.com",mental_health,mixed,en,264,4428,82,2025-11-23,"https://medicalnewstoday.com/article-1401"
1402,"COVID-19 long term effects ###","NULL","medscape.com",neurology,negative,en,107,9313,133,2025-11-10,"https://medscape.com/article-1402"
1403,"DUPLICATE TEST TITLE","DUPLICATE TEST CONTENT for testing deduplication pipeline.","reuters.com",general,UNKNOWN,en,248,589,67,,"https://reuters.com/article-1403"
1404,"ADVERTISEMENT Best weight loss pill","NULL","NULL",pulmonology,mixed,en,115,3381,69,2025-09-25,"NULL"
1405,"Cancer research breakthrough!!!","NULL","cdc.gov",oncology,neutral,de,397,636,171,2024-07-13,"https://cdc.gov/article-1405"
1406,"Celiac disease gluten free diet","Prostate cancer new treatment shows 90 percent success rate in clinical trials!!!","UNKNOWN",rheumatology,positive,NULL,127,8335,122,,"UNKNOWN"
1407,"High blood pressure treatment !!! ### )$","<p>Scientists discover new treatment for diabetes type 2. Results promising.</p>","bbc.com",nephrology,neutral,en,195,4564,47,2023-01-19,"https://bbc.com/article-1407"
1408,"Cholesterol management tips","<div><p>Pneumonia treatment: antibiotics antivirals supportive care hospitalization.</p></div>","nytimes.com",gastroenterology,NULL,fr,312,9901,102,2025-07-27,"https://nytimes.com/article-1408"
1409,"   ","ADHD in children treatment includes medication behavioral therapy parent training.","N/A",endocrinology,positive,de,494,4149,15,2023-01-13,"N/A"
1410,"Infertility treatment options 2024","Eczema: atopic dermatitis treatment moisturizers topical steroids biologics.","N/A",endocrinology,mixed,en,425,8314,134,INVALID_DATE,"N/A"
1411,"DUPLICATE TEST TITLE","Pregnancy complications: preeclampsia gestational diabetes preterm birth.","nytimes.com",endocrinology,NULL,es,185,5707,101,INVALID_DATE,"https://nytimes.com/article-1411"
1412,"Multiple sclerosis treatment !!! ### )$","Addiction recovery: medication assisted treatment therapy support groups.","healthnews.com",geriatrics,mixed,es,15,6556,128,2024-11-04,"https://healthnews.com/article-1412"
1413,"Healthy aging strategies","","UNKNOWN",misc,NULL,en,408,2255,48,2022-02-16,"UNKNOWN"
1414,"<b>New diabetes treatment</b>","NULL","healthline.com",research,neutral,es,111,257,-1,2024-05-17,"https://healthline.com/article-1414"
1415,"Healthy aging strategies","Arthritis pain management includes physical therapy medication lifestyle changes.","cdc.gov",UNKNOWN,negative,en,3,3958,156,,"https://cdc.gov/article-1415"
1416,"   ","Iron deficiency anemia most common nutritional deficiency worldwide affects women.","reuters.com",geriatrics,positive,fr,210,838,-1,2024-11-12,"https://reuters.com/article-1416"
1417,"!!!BREAKING New virus detected!!!","Rheumatoid arthritis: autoimmune joint disease treatment biologics DMARDs.","medicalnewstoday.com",gastroenterology,neutral,en,93,5683,52,INVALID_DATE,"https://medicalnewstoday.com/article-1417"
1418,"Alzheimer disease new hope","Weight loss tips: calorie deficit exercise sleep stress management hydration.","blog.random.net",pediatrics,mixed,UNKNOWN,33,1195,77,INVALID_DATE,"https://blog.random.net/article-1418"
1419,"Weight loss tips that work","NULL","medicalnewstoday.com",endocrinology,negative,en,297,7953,173,2025-07-22,"https://medicalnewstoday.com/article-1419"
1420,"","   ","webmd.com",infectious_disease,NULL,de,325,5426,-1,2023-05-08,"https://webmd.com/article-1420"
1421,"UTI prevention tips","Lupus: autoimmune disease affects multiple organs treatment medication.","bbc.com",gynecology,positive,en,198,1038,106,INVALID_DATE,"https://bbc.com/article-1421"
1422,"Heart failure treatment options","<div><p>Kidney stones: prevention hydration diet medication lithotripsy surgery.</p></div>","reddit.com",geriatrics,positive,en,337,3753,-1,2023-07-10,"https://reddit.com/article-1422"
1423,"Arthritis pain management","Psoriasis: skin condition treatment topical medications biologics phototherapy.","nytimes.com",research,positive,fr,-10,9368,62,2025-10-22,"https://nytimes.com/article-1423"
1424,"Chronic pain management","","twitter.com",gastroenterology,neutral,UNKNOWN,465,6812,109,2023-04-16,"https://twitter.com/article-1424"
1425,"DUPLICATE TEST TITLE !!! ### )$","<div>Insomnia affects 30 percent of adults. Cognitive behavioral therapy most effective.</div>","twitter.com",neurology,UNKNOWN,en,223,3769,126,2025-09-21,"https://twitter.com/article-1425"
1426,"Infertility treatment options 2024","Blood sugar control: diet exercise medication monitoring regular checkups.","webmd.com",endocrinology,negative,fr,168,2890,103,INVALID_DATE,"https://webmd.com/article-1426"
1427,"Infertility treatment options 2024","ADHD in children treatment includes medication behavioral therapy parent training.","twitter.com",gynecology,positive,en,-5,4970,124,2025-04-18,"https://twitter.com/article-1427"
1428,"Irritable bowel syndrome IBS","","medscape.com",neurology,positive,NULL,493,1108,43,2025-05-08,"https://medscape.com/article-1428"
1429,"Hepatitis B and C treatment","NULL","bbc.com",UNKNOWN,positive,es,492,9770,55,2023-03-21,"https://bbc.com/article-1429"
1430,"Sleep problems in students","<div><p>Weight loss tips: calorie deficit exercise sleep stress management hydration.</p></div>","blog.random.net",UNKNOWN,NULL,en,266,7339,183,2022-04-27,"https://blog.random.net/article-1430"
1431,"ADVERTISEMENT Best weight loss pill","NULL","N/A",gastroenterology,negative,es,273,9631,18,2025-03-05,"N/A"
1432,"Endometriosis treatment advances !!! ### )$","Infertility treatment: IVF IUI medication surgery lifestyle changes.","who.int",nutrition,UNKNOWN,en,244,691,26,2025-03-05,"https://who.int/article-1432"
1433,"Children mental health issues","<div><p>Cancer research shows breakthrough in immunotherapy treatment.</p></div>","healthnews.com",pediatrics,NULL,en,195,6336,183,2023-03-22,"https://healthnews.com/article-1433"
1434,"Celiac disease gluten free diet","Type 2 diabetes can be prevented with lifestyle changes diet exercise weight loss.","reddit.com",UNKNOWN,neutral,en,490,4426,149,INVALID_DATE,"https://reddit.com/article-1434"
1435,"Iron deficiency anemia treatment","Addiction recovery: medication assisted treatment therapy support groups.","blog.random.net",mental_health,UNKNOWN,de,-4,3593,16,2025-04-17,"https://blog.random.net/article-1435"
1436,"Pregnancy complications prevention","","twitter.com",geriatrics,positive,UNKNOWN,352,8214,167,2025-06-17,"https://twitter.com/article-1436"
1437,"Healthy aging strategies","Psoriasis: skin condition treatment topical medications biologics phototherapy.","medscape.com",endocrinology,positive,de,458,3347,58,,"https://medscape.com/article-1437"
1438,"Covid cases increase !!!","Multiple sclerosis treatment advances include new disease modifying therapies.","nytimes.com",cardiology,mixed,de,99,1846,77,,"https://nytimes.com/article-1438"
1439,"   ","Breast cancer screening guidelines updated. Annual mammograms recommended from age 40.","forbes.com",neurology,mixed,en,415,4223,136,2023-08-17,"https://forbes.com/article-1439"
1440,"Immune system boost tips","DUPLICATE TEST CONTENT for testing deduplication pipeline.","healthnews.com",neurology,negative,es,-4,1671,192,2025-07-04,"https://healthnews.com/article-1440"
1441,"Bone health and osteoporosis","Tuberculosis prevention: BCG vaccine treatment antibiotics public health.","UNKNOWN",endocrinology,NULL,es,-6,,169,2024-08-17,"UNKNOWN"
1442,"New antibiotic resistant bacteria","NULL","reuters.com",mental_health,negative,de,274,8988,15,2023-02-13,"https://reuters.com/article-1442"
1443,"Gut health and probiotics","Obesity epidemic continues to grow in developed countries worldwide.","reuters.com",cardiology,negative,es,146,1212,83,,"https://reuters.com/article-1443"
1444,"!!!BREAKING New virus detected!!!","","healthline.com",dermatology,neutral,es,114,1246,157,2024-05-08,"https://healthline.com/article-1444"
1445,"Tuberculosis prevention strategies","Prostate cancer new treatment shows 90 percent success rate in clinical trials!!!","nih.gov",mental_health,NULL,fr,19,2964,160,,"https://nih.gov/article-1445"
1446,"Eye health and vision care","Thyroid disease symptoms include fatigue weight changes mood swings hair loss.","who.int",cardiology,NULL,NULL,388,3101,60,2024-03-11,"https://who.int/article-1446"
1447,"","Ovarian cancer: silent killer screening treatment surgery chemotherapy.","UNKNOWN",geriatrics,neutral,en,256,2903,21,2023-09-05,"UNKNOWN"
1448,"Celiac disease gluten free diet !!! ### )$","Iron deficiency anemia most common nutritional deficiency worldwide affects women.","webmd.com",pediatrics,positive,en,221,9182,190,2025-01-25,"https://webmd.com/article-1448"
1449,"   ","Pneumonia treatment: antibiotics antivirals supportive care hospitalization.","medicalnewstoday.com",NULL,NULL,en,269,2440,-1,2023-08-03,"https://medicalnewstoday.com/article-1449"
1450,"HIV AIDS latest research 2024","Vitamin D deficiency linked to depression immune dysfunction bone loss.","mayoclinic.org",neurology,mixed,en,-5,1601,142,2025-02-23,"https://mayoclinic.org/article-1450"
1451,"Weight loss tips that work !!! ### )$","Lung cancer early detection saves lives. CT scan recommended for high risk patients.","twitter.com",pediatrics,neutral,de,324,3045,22,2023-07-01,"https://twitter.com/article-1451"
1452,"Arthritis pain management","","twitter.com",nutrition,neutral,en,403,61,80,2022-01-15,"https://twitter.com/article-1452"
1453,"Depression and anxiety in adults","NULL","twitter.com",neurology,neutral,es,142,9476,146,2025-07-07,"https://twitter.com/article-1453"
1454,"Blood clot prevention tips !!! ### )$","Nutrition tips for heart health: reduce sodium increase fiber eat healthy fats.","medicalnewstoday.com",dermatology,neutral,es,320,8412,164,2023-07-06,"https://medicalnewstoday.com/article-1454"
1455,"Hormonal imbalance symptoms","","blog.random.net",UNKNOWN,NULL,de,218,9458,5,2023-08-11,"https://blog.random.net/article-1455"
1456,"Celiac disease gluten free diet","Stress management: exercise meditation yoga deep breathing time management.","forbes.com",research,neutral,en,19,2022,55,2023-11-02,"https://forbes.com/article-1456"
1457,"Addiction recovery strategies","DUPLICATE TEST CONTENT for testing deduplication pipeline.","healthline.com",cardiology,UNKNOWN,en,-9,3056,120,2024-03-25,"https://healthline.com/article-1457"
1458,"Hepatitis B and C treatment","<div><p>Obesity epidemic continues to grow in developed countries worldwide.</p></div>","UNKNOWN",gynecology,NULL,NULL,299,9234,30,2023-03-02,"UNKNOWN"
1459,"Obesity rates rising worldwide","<div><p>Hormonal imbalance symptoms: fatigue weight gain mood changes irregular periods.</p></div>","bbc.com",geriatrics,negative,fr,288,4637,-1,2024-08-18,"https://bbc.com/article-1459"
1460,"   ","Endometriosis treatment: pain management surgery hormone therapy.","reuters.com",infectious_disease,mixed,en,326,2857,190,2025-06-05,"https://reuters.com/article-1460"
1461,"Children mental health issues","<div><p>ADVERTISEMENT Buy cheap medications online no prescription needed</p></div>","who.int",mental_health,neutral,UNKNOWN,124,,169,,"https://who.int/article-1461"
1462,"Asthma treatment advances 2024","<div><p>Malaria treatment: artemisinin combination therapy prevention mosquito nets.</p></div>","healthline.com",geriatrics,mixed,en,1,1000,69,2025-01-20,"https://healthline.com/article-1462"
1463,"ADHD in children treatment","<div><p>Vitamin D deficiency linked to depression immune dysfunction bone loss.</p></div>","healthnews.com",general,positive,en,210,2855,8,2023-02-03,"https://healthnews.com/article-1463"
1464,"Skin cancer prevention tips","Cancer research shows breakthrough in immunotherapy treatment.","theguardian.com",gastroenterology,positive,NULL,-5,8845,164,2024-01-11,"https://theguardian.com/article-1464"
1465,"   ","Thyroid disease symptoms include fatigue weight changes mood swings hair loss.","mayoclinic.org",mental_health,negative,NULL,48,5743,187,2025-02-14,"https://mayoclinic.org/article-1465"
1466,"Crohns disease management","","forbes.com",misc,positive,UNKNOWN,380,6591,-1,2025-08-03,"https://forbes.com/article-1466"
1467,"Tuberculosis prevention strategies","<p>Asthma treatment advances include new biologics for severe asthma patients.</p>","NULL",pulmonology,NULL,es,205,2058,34,2023-06-15,"NULL"
1468,"Obesity rates rising worldwide","<div><p>Cancer research shows breakthrough in immunotherapy treatment.</p></div>","mayoclinic.org",research,UNKNOWN,UNKNOWN,218,,30,2025-02-27,"https://mayoclinic.org/article-1468"
1469,"Lung cancer early detection","<div><p>Bladder cancer: early detection treatment surgery chemotherapy immunotherapy.</p></div>","blog.random.net",misc,UNKNOWN,en,197,9510,76,2024-06-04,"https://blog.random.net/article-1469"
1470,"Hepatitis B and C treatment !!! ### )$","Breast cancer screening guidelines updated. Annual mammograms recommended from age 40.","healthline.com",oncology,mixed,en,449,1114,89,2025-03-20,"https://healthline.com/article-1470"
1471,"Autism spectrum disorder research","","healthline.com",gastroenterology,neutral,NULL,492,5426,9,2023-04-21,"https://healthline.com/article-1471"
1472,"Blood sugar control strategies","Tuberculosis prevention: BCG vaccine treatment antibiotics public health.","healthnews.com",general,positive,de,241,6355,137,,"https://healthnews.com/article-1472"
1473,"Insomnia treatment options","<div><p>Vitamin D deficiency linked to depression immune dysfunction bone loss.</p></div>","reddit.com",gynecology,UNKNOWN,fr,112,3435,78,2023-06-04,"https://reddit.com/article-1473"
1474,"COVID-19 long term effects ###","Vitamin D deficiency linked to depression immune dysfunction bone loss.","webmd.com",general,positive,es,171,1764,81,,"https://webmd.com/article-1474"
1475,"","### SPAM ### Buy now!!! Click here!!!","twitter.com",endocrinology,mixed,NULL,346,968,22,2024-06-04,"https://twitter.com/article-1475"
1476,"High blood pressure treatment","Mindfulness meditation reduces stress anxiety depression improves wellbeing.","blog.random.net",gastroenterology,UNKNOWN,de,-9,6147,193,2022-06-11,"https://blog.random.net/article-1476"
1477,"Acid reflux GERD treatment","Blood sugar control: diet exercise medication monitoring regular checkups.","theguardian.com",pulmonology,neutral,en,-2,6938,107,2025-08-11,"https://theguardian.com/article-1477"
1478,"Autism spectrum disorder research !!! ### )$","Gut health probiotics prebiotics fiber diet microbiome mental health connection.","twitter.com",NULL,positive,UNKNOWN,154,213,176,2022-11-25,"https://twitter.com/article-1478"
1479,"Malaria treatment advances !!! ### )$","COPD: chronic lung disease smoking cessation medication pulmonary rehab.","bbc.com",gastroenterology,positive,de,22,4750,160,2023-06-04,"https://bbc.com/article-1479"
1480,"New antibiotic resistant bacteria","Healthy aging: exercise nutrition social connection mental stimulation sleep.","reuters.com",nephrology,UNKNOWN,UNKNOWN,111,5284,99,2025-11-13,"https://reuters.com/article-1480"
1481,"Stress management techniques","Type 2 diabetes can be prevented with lifestyle changes diet exercise weight loss.","healthline.com",geriatrics,negative,en,-6,8656,38,2022-01-27,"https://healthline.com/article-1481"
1482,"Dental health tips for adults","Thyroid disease symptoms include fatigue weight changes mood swings hair loss.","blog.random.net",gastroenterology,negative,en,159,550,179,2024-03-21,"https://blog.random.net/article-1482"
1483,"Eating disorders treatment","Blood sugar control: diet exercise medication monitoring regular checkups.","healthline.com",oncology,neutral,en,-6,1327,187,2022-07-04,"https://healthline.com/article-1483"
1484,"Cholesterol management tips","Celiac disease: autoimmune condition triggered by gluten strict diet required.","webmd.com",UNKNOWN,mixed,de,422,6957,27,INVALID_DATE,"https://webmd.com/article-1484"
1485,"","Ovarian cancer: silent killer screening treatment surgery chemotherapy.","twitter.com",gynecology,NULL,en,269,9805,5,2022-11-26,"https://twitter.com/article-1485"
1486,"Chronic pain management","Heart failure: chronic condition treatment medication lifestyle changes.","medscape.com",dermatology,mixed,NULL,204,9414,109,2025-01-17,"https://medscape.com/article-1486"
1487,"Sepsis early detection strategies","NULL","UNKNOWN",dermatology,mixed,en,467,4764,168,2024-11-13,"UNKNOWN"
1488,"### SPAM ### Buy medications online ###","<div><p>Alzheimers disease affects 50 million people worldwide. New hope from research.</p></div>","forbes.com",gastroenterology,negative,en,379,1626,161,2025-07-16,"https://forbes.com/article-1488"
1489,"Infertility treatment options 2024","","N/A",gynecology,mixed,NULL,173,7418,10,2024-10-13,"N/A"
1490,"Psoriasis treatment advances 2024","NULL","who.int",nephrology,mixed,en,29,7040,175,2022-05-05,"https://who.int/article-1490"
1491,"Rheumatoid arthritis management","","twitter.com",UNKNOWN,mixed,en,453,9626,81,2025-02-20,"https://twitter.com/article-1491"
1492,"Infertility treatment options 2024 !!! ### )$","COPD: chronic lung disease smoking cessation medication pulmonary rehab.","reddit.com",dermatology,NULL,NULL,337,3770,21,2024-10-15,"https://reddit.com/article-1492"
1493,"Blood sugar control strategies","","who.int",neurology,UNKNOWN,es,180,9823,2,2025-04-04,"https://who.int/article-1493"
1494,"Exercise benefits for seniors","<div><p>Exercise benefits for seniors include improved balance strength cognitive function.</p></div>","reddit.com",misc,positive,es,290,9375,89,2022-08-14,"https://reddit.com/article-1494"
1495,"Healthy aging strategies","Exercise benefits for seniors include improved balance strength cognitive function.","healthline.com",endocrinology,mixed,en,303,360,171,,"https://healthline.com/article-1495"
1496,"<b>New diabetes treatment</b>","COPD: chronic lung disease smoking cessation medication pulmonary rehab.","reddit.com",endocrinology,negative,en,-4,737,190,2024-08-26,"https://reddit.com/article-1496"
1497,"Eating disorders treatment","NULL","medscape.com",nutrition,UNKNOWN,UNKNOWN,412,2300,104,2022-10-10,"https://medscape.com/article-1497"
1498,"   ","Eating disorders anorexia bulimia binge eating require professional treatment.","webmd.com",endocrinology,positive,NULL,144,3,149,2025-09-06,"https://webmd.com/article-1498"
1499,"Eczema skin condition management","<div><p>Gut health probiotics prebiotics fiber diet microbiome mental health connection.</p></div>","nih.gov",rheumatology,positive,es,331,2142,24,2023-02-04,"https://nih.gov/article-1499"
1500,"Cholesterol management tips","Obesity epidemic continues to grow in developed countries worldwide.","bbc.com",gynecology,NULL,fr,359,,63,INVALID_DATE,"https://bbc.com/article-1500"
1501,"### SPAM ### Buy medications online ###","","mayoclinic.org",mental_health,neutral,en,373,6526,57,2022-03-01,"https://mayoclinic.org/article-1501"
1502,"Menopause symptoms management !!! ### )$","Iron deficiency anemia most common nutritional deficiency worldwide affects women.","nih.gov",dermatology,mixed,en,196,5136,147,2023-09-27,"https://nih.gov/article-1502"
1503,"Crohns disease management","Sepsis: life threatening infection early detection treatment critical.","N/A",rheumatology,NULL,fr,320,6787,57,,"N/A"
1504,"","New vaccine approved showing 95 percent efficacy in clinical trials.","webmd.com",NULL,UNKNOWN,UNKNOWN,377,241,25,2024-07-10,"https://webmd.com/article-1504"
1505,"   ","<p>Asthma treatment advances include new biologics for severe asthma patients.</p>","mayoclinic.org",pulmonology,UNKNOWN,de,150,3843,163,2024-11-16,"https://mayoclinic.org/article-1505"
1506,"Heart failure treatment options","High blood pressure hypertension affects 1 in 3 adults. New treatment options.","medicalnewstoday.com",oncology,positive,UNKNOWN,302,4369,32,2022-08-01,"https://medicalnewstoday.com/article-1506"
1507,"Eye health and vision care","NULL","medscape.com",oncology,positive,fr,59,6853,-1,2025-09-05,"https://medscape.com/article-1507"
1508,"","Pregnancy complications: preeclampsia gestational diabetes preterm birth.","medicalnewstoday.com",mental_health,NULL,en,369,4651,97,2022-01-11,"https://medicalnewstoday.com/article-1508"
1509,"Migraine headache causes and cures","<div>New covid wave detected in Europe. Cases rising fast!!!</div>","nih.gov",geriatrics,positive,en,484,4121,78,INVALID_DATE,"https://nih.gov/article-1509"
1510,"New vaccine approved by FDA!!!","","nytimes.com",general,negative,es,314,3269,123,2022-06-10,"https://nytimes.com/article-1510"
1511,"<div>Cholesterol tips</div>","","nih.gov",gynecology,mixed,fr,135,5972,132,2025-02-03,"https://nih.gov/article-1511"
1512,"New antibiotic resistant bacteria","Depression and anxiety disorders affect 264 million people worldwide according to WHO.","twitter.com",dermatology,positive,UNKNOWN,-4,9934,57,2022-09-07,"https://twitter.com/article-1512"
1513,"Chronic pain management","Heart failure: chronic condition treatment medication lifestyle changes.","medicalnewstoday.com",UNKNOWN,UNKNOWN,es,485,6908,23,2023-02-20,"https://medicalnewstoday.com/article-1513"
1514,"Lupus autoimmune disease treatment","<div><p>Eczema: atopic dermatitis treatment moisturizers topical steroids biologics.</p></div>","healthline.com",misc,NULL,fr,123,4075,52,2024-09-07,"https://healthline.com/article-1514"
1515,"Chronic pain management","<div>Insomnia affects 30 percent of adults. Cognitive behavioral therapy most effective.</div>","N/A",NULL,NULL,de,40,6062,112,INVALID_DATE,"N/A"
1516,"","<h1>Heart disease remains leading cause of death worldwide</h1>","reddit.com",neurology,positive,en,213,4133,34,2023-05-19,"https://reddit.com/article-1516"
1517,"Liver disease prevention","<div><p>Ovarian cancer: silent killer screening treatment surgery chemotherapy.</p></div>","reuters.com",pediatrics,positive,de,226,535,101,2023-01-27,"https://reuters.com/article-1517"
1518,"<div>Cholesterol tips</div>","Iron deficiency anemia most common nutritional deficiency worldwide affects women.","who.int",pediatrics,positive,fr,356,910,116,INVALID_DATE,"https://who.int/article-1518"
1519,"Pneumonia treatment guidelines","NULL","forbes.com",misc,neutral,en,319,4828,-1,2025-07-10,"https://forbes.com/article-1519"
1520,"Hepatitis B and C treatment","","blog.random.net",gastroenterology,negative,en,399,2977,5,2022-05-20,"https://blog.random.net/article-1520"
1521,"COPD chronic lung disease","Dental health tips: brush twice daily floss regularly visit dentist every 6 months.","healthline.com",gastroenterology,negative,en,355,800,-1,INVALID_DATE,"https://healthline.com/article-1521"
1522,"NULL !!! ### )$","Prostate cancer new treatment shows 90 percent success rate in clinical trials!!!","webmd.com",misc,NULL,NULL,328,7774,192,2025-02-04,"https://webmd.com/article-1522"
1523,"","Rheumatoid arthritis: autoimmune joint disease treatment biologics DMARDs.","UNKNOWN",rheumatology,neutral,UNKNOWN,332,4998,-1,2023-07-22,"UNKNOWN"
1524,"Vitamin D deficiency symptoms","<div><p>Endometriosis treatment: pain management surgery hormone therapy.</p></div>","bbc.com",rheumatology,NULL,NULL,456,7213,44,2023-07-21,"https://bbc.com/article-1524"
1525,"Healthy aging strategies","Malaria treatment: artemisinin combination therapy prevention mosquito nets.","healthnews.com",UNKNOWN,negative,fr,386,7408,154,2025-06-13,"https://healthnews.com/article-1525"
1526,"Parkinsons disease research","NULL","forbes.com",pediatrics,UNKNOWN,fr,489,1842,2,2023-06-20,"https://forbes.com/article-1526"
1527,"   ","Breast cancer screening guidelines updated. Annual mammograms recommended from age 40.","healthline.com",infectious_disease,UNKNOWN,en,290,4335,169,2025-06-07,"https://healthline.com/article-1527"
1528,"Hepatitis B and C treatment","HIV AIDS research: new treatments improve life expectancy quality of life.","twitter.com",nutrition,UNKNOWN,en,217,4198,161,,"https://twitter.com/article-1528"
1529,"Thyroid disease symptoms","COPD: chronic lung disease smoking cessation medication pulmonary rehab.","NULL",cardiology,UNKNOWN,en,-1,7166,165,2023-09-18,"NULL"
1530,"Nutrition tips for heart health","Mental health crisis affecting teenagers globally. Depression rates up 30 percent.","webmd.com",infectious_disease,negative,en,439,1012,101,INVALID_DATE,"https://webmd.com/article-1530"
1531,"Pregnancy complications prevention","Blood sugar control: diet exercise medication monitoring regular checkups.","forbes.com",neurology,negative,en,221,,101,,"https://forbes.com/article-1531"
1532,"Psoriasis treatment advances 2024","Liver disease prevention: avoid alcohol maintain healthy weight get vaccinated.","cdc.gov",mental_health,neutral,en,73,6769,168,INVALID_DATE,"https://cdc.gov/article-1532"
1533,"Mindfulness and meditation benefits !!! ### )$","Cholesterol management: diet exercise medication statins lifestyle changes.","medicalnewstoday.com",mental_health,positive,en,397,6914,104,2025-04-15,"https://medicalnewstoday.com/article-1533"
1534,"Eye health and vision care","","NULL",general,positive,es,49,8063,178,2022-08-20,"NULL"
1535,"   ","<div>Insomnia affects 30 percent of adults. Cognitive behavioral therapy most effective.</div>","nih.gov",rheumatology,UNKNOWN,en,11,7192,59,2025-04-20,"https://nih.gov/article-1535"
1536,"","<div><h2>Flu season 2024</h2><p>Health officials warn of severe flu season.</p></div>","twitter.com",pulmonology,NULL,en,332,5529,144,2024-09-15,"https://twitter.com/article-1536"
1537,"   ","Infertility treatment: IVF IUI medication surgery lifestyle changes.","reuters.com",general,positive,en,24,5519,99,2025-09-15,"https://reuters.com/article-1537"
1538,"Pregnancy complications prevention","<div><p><div>Autism spectrum disorder research advances in early detection intervention.</div></p></div>","who.int",nephrology,negative,en,285,7132,-1,2022-03-22,"https://who.int/article-1538"
1539,"   ","Sepsis: life threatening infection early detection treatment critical.","medscape.com",pulmonology,NULL,NULL,177,956,155,2023-08-08,"https://medscape.com/article-1539"
1540,"Blood sugar control strategies","","UNKNOWN",pediatrics,mixed,de,65,8688,169,2024-02-04,"UNKNOWN"
1541,"Asthma treatment advances 2024","NULL","healthnews.com",mental_health,neutral,es,421,9009,29,2023-04-06,"https://healthnews.com/article-1541"
1542,"Thyroid disease symptoms","<div><p>ADHD in children treatment includes medication behavioral therapy parent training.</p></div>","healthnews.com",mental_health,mixed,fr,59,,160,2025-11-22,"https://healthnews.com/article-1542"
1543,"!!!BREAKING New virus detected!!!","<div>Autism spectrum disorder research advances in early detection intervention.</div>","medscape.com",gynecology,UNKNOWN,fr,-3,7211,114,2023-11-13,"https://medscape.com/article-1543"
1544,"","Dental health tips: brush twice daily floss regularly visit dentist every 6 months.","bbc.com",infectious_disease,negative,fr,353,4707,85,2023-02-19,"https://bbc.com/article-1544"
1545,"Hair loss causes and treatment !!! ### )$","Skin cancer prevention: sunscreen protective clothing avoid tanning beds.","forbes.com",neurology,mixed,en,218,1795,190,2025-01-02,"https://forbes.com/article-1545"
1546,"Stress management techniques","Sepsis: life threatening infection early detection treatment critical.","theguardian.com",mental_health,UNKNOWN,en,217,1063,147,,"https://theguardian.com/article-1546"
1547,"Bone health and osteoporosis","NULL","nih.gov",oncology,neutral,en,264,325,38,2025-01-22,"https://nih.gov/article-1547"
1548,"   ","<div>New covid wave detected in Europe. Cases rising fast!!!</div>","theguardian.com",nephrology,negative,en,33,1858,140,2023-05-18,"https://theguardian.com/article-1548"
1549,"Asthma treatment advances 2024","COVID-19 long term effects include fatigue brain fog shortness of breath ### noise","webmd.com",nutrition,UNKNOWN,NULL,4,717,156,INVALID_DATE,"https://webmd.com/article-1549"
1550,"Immune system boost tips","Kidney stones: prevention hydration diet medication lithotripsy surgery.","reddit.com",pulmonology,UNKNOWN,fr,478,9644,56,,"https://reddit.com/article-1550"
1551,"ADVERTISEMENT Best weight loss pill","Skin cancer prevention: sunscreen protective clothing avoid tanning beds.","medicalnewstoday.com",oncology,UNKNOWN,UNKNOWN,145,3277,80,INVALID_DATE,"https://medicalnewstoday.com/article-1551"
1552,"   ","<div><h2>Flu season 2024</h2><p>Health officials warn of severe flu season.</p></div>","NULL",oncology,mixed,fr,196,1479,4,2022-10-04,"NULL"
1553,"Infertility treatment options 2024","Bladder cancer: early detection treatment surgery chemotherapy immunotherapy.","who.int",rheumatology,positive,UNKNOWN,-9,7700,-1,2025-07-10,"https://who.int/article-1553"
1554,"Liver disease prevention","<div><p>ADHD in children treatment includes medication behavioral therapy parent training.</p></div>","cdc.gov",pediatrics,positive,en,434,,72,2024-11-20,"https://cdc.gov/article-1554"
1555,"Covid cases increase !!!","High blood pressure hypertension affects 1 in 3 adults. New treatment options.","blog.random.net",research,UNKNOWN,NULL,-3,666,109,2022-10-15,"https://blog.random.net/article-1555"
1556,"Breast cancer screening guidelines !!! ### )$","Acne treatment: topical retinoids antibiotics hormonal therapy isotretinoin.","healthline.com",pediatrics,mixed,en,128,4812,139,2025-05-20,"https://healthline.com/article-1556"
1557,"<b>New diabetes treatment</b>","Mindfulness meditation reduces stress anxiety depression improves wellbeing.","UNKNOWN",UNKNOWN,UNKNOWN,NULL,-8,9627,16,2025-04-02,"UNKNOWN"
1558,"Mental health crisis in teens","NULL","webmd.com",gynecology,NULL,en,359,8226,130,2022-02-21,"https://webmd.com/article-1558"
1559,"Acne treatment for adults","NULL","NULL",cardiology,UNKNOWN,de,115,3040,-1,2025-06-08,"NULL"
1560,"UTI prevention tips","","reddit.com",mental_health,negative,NULL,17,,112,2025-04-14,"https://reddit.com/article-1560"
1561,"Diabetes type 2 prevention tips","Mindfulness meditation reduces stress anxiety depression improves wellbeing.","forbes.com",neurology,positive,NULL,119,,20,,"https://forbes.com/article-1561"
1562,"   ","Chronic pain management requires multidisciplinary approach medication therapy.","theguardian.com",mental_health,negative,es,323,3313,66,2022-04-26,"https://theguardian.com/article-1562"
1563,"Rheumatoid arthritis management","","mayoclinic.org",pediatrics,NULL,en,244,1324,73,2023-11-07,"https://mayoclinic.org/article-1563"
1564,"Heart failure treatment options","Nutrition tips for heart health: reduce sodium increase fiber eat healthy fats.","N/A",nutrition,UNKNOWN,de,156,7170,100,,"N/A"
1565,"COPD chronic lung disease","<article>Children mental health issues rising post pandemic. Parents concerned.</article>","reuters.com",gynecology,UNKNOWN,es,420,414,157,,"https://reuters.com/article-1565"
1566,"Sleep problems in students","IBS irritable bowel syndrome: diet stress management medication therapy.","UNKNOWN",oncology,mixed,en,228,,171,INVALID_DATE,"UNKNOWN"
1567,"   ","<div>Autism spectrum disorder research advances in early detection intervention.</div>","NULL",misc,positive,de,338,8553,2,2025-07-06,"NULL"
1568,"<h2>Flu season 2024 warning</h2>","Endometriosis treatment: pain management surgery hormone therapy.","NULL",NULL,negative,NULL,163,2529,49,2022-05-16,"NULL"
1569,"Malaria treatment advances","<article>Children mental health issues rising post pandemic. Parents concerned.</article>","webmd.com",neurology,positive,es,375,7763,102,2025-06-12,"https://webmd.com/article-1569"
1570,"Menopause symptoms management","NULL","forbes.com",pediatrics,NULL,en,288,4605,55,2023-05-21,"https://forbes.com/article-1570"
1571,"Sepsis early detection strategies !!! ### )$","Sepsis: life threatening infection early detection treatment critical.","N/A",misc,NULL,es,54,7089,14,2023-08-05,"N/A"
1572,"","Malaria treatment: artemisinin combination therapy prevention mosquito nets.","mayoclinic.org",gynecology,NULL,es,91,5299,-1,2024-11-24,"https://mayoclinic.org/article-1572"
1573,"Tuberculosis prevention strategies","<div><p>Lupus: autoimmune disease affects multiple organs treatment medication.</p></div>","healthnews.com",pulmonology,UNKNOWN,de,394,1631,-1,2024-03-14,"https://healthnews.com/article-1573"
1574,"Blood clot prevention tips","","N/A",pediatrics,UNKNOWN,en,377,4602,-1,2022-02-19,"N/A"
1575,"New antibiotic resistant bacteria","Cholesterol management: diet exercise medication statins lifestyle changes.","NULL",general,positive,fr,-2,545,108,2023-06-18,"NULL"
1576,"Healthy aging strategies","Gut health probiotics prebiotics fiber diet microbiome mental health connection.","UNKNOWN",gynecology,negative,en,183,,78,2025-05-23,"UNKNOWN"
1577,"### SPAM ### Buy medications online ###","<div><p>Pregnancy complications: preeclampsia gestational diabetes preterm birth.</p></div>","medscape.com",dermatology,positive,en,479,,57,2022-11-03,"https://medscape.com/article-1577"
1578,"    !!! ### )$","Celiac disease: autoimmune condition triggered by gluten strict diet required.","mayoclinic.org",infectious_disease,UNKNOWN,de,132,3038,145,2023-05-23,"https://mayoclinic.org/article-1578"
1579,"Mental health crisis in teens","<div><p>Endometriosis treatment: pain management surgery hormone therapy.</p></div>","bbc.com",misc,NULL,NULL,421,955,-1,2023-04-13,"https://bbc.com/article-1579"
1580,"Asthma treatment advances 2024","NULL","reuters.com",NULL,UNKNOWN,es,61,9849,116,2024-11-20,"https://reuters.com/article-1580"
1581,"Breast cancer screening guidelines","Heart failure: chronic condition treatment medication lifestyle changes.","nih.gov",research,neutral,fr,413,4806,87,2022-02-07,"https://nih.gov/article-1581"
1582,"","Kidney disease management requires regular monitoring diet changes medication.","medicalnewstoday.com",pulmonology,NULL,en,243,7773,37,2024-08-06,"https://medicalnewstoday.com/article-1582"
1583,"Hormonal imbalance symptoms","<div><p>Endometriosis treatment: pain management surgery hormone therapy.</p></div>","forbes.com",gastroenterology,UNKNOWN,en,418,6809,115,2023-06-27,"https://forbes.com/article-1583"
1584,"","Arthritis pain management includes physical therapy medication lifestyle changes.","forbes.com",gynecology,NULL,UNKNOWN,173,4936,178,2025-06-20,"https://forbes.com/article-1584"
1585,"","New vaccine approved showing 95 percent efficacy in clinical trials.","medscape.com",dermatology,UNKNOWN,en,257,7356,92,2023-01-04,"https://medscape.com/article-1585"
1586,"Hormonal imbalance symptoms","DUPLICATE TEST CONTENT for testing deduplication pipeline.","bbc.com",pediatrics,negative,en,28,6300,67,INVALID_DATE,"https://bbc.com/article-1586"
1587,"Hepatitis B and C treatment","<div><p>Prostate cancer new treatment shows 90 percent success rate in clinical trials!!!</p></div>","theguardian.com",gastroenterology,negative,en,186,9349,34,2023-04-21,"https://theguardian.com/article-1587"
1588,"Exercise benefits for seniors","COVID-19 long term effects include fatigue brain fog shortness of breath ### noise","blog.random.net",geriatrics,negative,fr,-4,,5,2023-03-11,"https://blog.random.net/article-1588"
1589,"Epilepsy management strategies !!! ### )$","Cholesterol management: diet exercise medication statins lifestyle changes.","mayoclinic.org",cardiology,NULL,en,188,,3,2023-07-05,"https://mayoclinic.org/article-1589"
1590,"","Malaria treatment: artemisinin combination therapy prevention mosquito nets.","forbes.com",general,NULL,en,457,35,37,2025-07-21,"https://forbes.com/article-1590"
1591,"   ","Addiction recovery: medication assisted treatment therapy support groups.","blog.random.net",dermatology,neutral,en,37,8197,24,2023-02-01,"https://blog.random.net/article-1591"
1592,"","<div>Insomnia affects 30 percent of adults. Cognitive behavioral therapy most effective.</div>","blog.random.net",gynecology,mixed,en,133,7108,136,2025-11-15,"https://blog.random.net/article-1592"
1593,"Hormonal imbalance symptoms","Eczema: atopic dermatitis treatment moisturizers topical steroids biologics.","NULL",nephrology,positive,en,-5,162,192,2024-10-11,"NULL"
1594,"","<div>Insomnia affects 30 percent of adults. Cognitive behavioral therapy most effective.</div>","theguardian.com",UNKNOWN,UNKNOWN,de,20,1776,124,2024-02-25,"https://theguardian.com/article-1594"
1595,"   ","Exercise benefits for seniors include improved balance strength cognitive function.","who.int",infectious_disease,positive,de,62,42,129,2025-02-11,"https://who.int/article-1595"
1596,"ADVERTISEMENT Best weight loss pill","NULL","nih.gov",pediatrics,neutral,es,210,817,195,2022-10-14,"https://nih.gov/article-1596"
1597,"New vaccine approved by FDA!!!","NULL","healthline.com",gastroenterology,UNKNOWN,en,412,9461,121,2025-03-27,"https://healthline.com/article-1597"
1598,"Menopause symptoms management !!! ### )$","Parkinsons disease research shows promising results with new gene therapy approach.","who.int",pulmonology,UNKNOWN,es,311,8971,75,2023-03-27,"https://who.int/article-1598"
1599,"### SPAM ### Buy medications online ###","Malaria treatment: artemisinin combination therapy prevention mosquito nets.","healthline.com",general,positive,de,206,7904,156,,"https://healthline.com/article-1599"
1600,"Sepsis early detection strategies","<div><p>Lung cancer early detection saves lives. CT scan recommended for high risk patients.</p></div>","UNKNOWN",neurology,neutral,NULL,207,4984,186,2024-10-05,"UNKNOWN"
1601,"Sleep problems in students","Skin cancer prevention: sunscreen protective clothing avoid tanning beds.","N/A",infectious_disease,mixed,es,422,4608,126,INVALID_DATE,"N/A"
1602,"Pregnancy complications prevention","Students suffer from sleep deprivation. Academic performance declining.","reuters.com",endocrinology,NULL,en,-7,1226,76,2025-10-08,"https://reuters.com/article-1602"
1603,"Polycystic ovary syndrome PCOS !!! ### )$","Acne treatment: topical retinoids antibiotics hormonal therapy isotretinoin.","nytimes.com",UNKNOWN,positive,en,336,2560,116,2025-09-23,"https://nytimes.com/article-1603"
1604,"   ","DUPLICATE TEST CONTENT for testing deduplication pipeline.","nytimes.com",pediatrics,neutral,en,96,6659,24,2022-07-18,"https://nytimes.com/article-1604"
1605,"Dental health tips for adults","Bone health osteoporosis prevention: calcium vitamin D weight bearing exercise.","webmd.com",mental_health,positive,de,415,8296,-1,2024-08-15,"https://webmd.com/article-1605"
1606,"Hair loss causes and treatment !!! ### )$","HIV AIDS research: new treatments improve life expectancy quality of life.","bbc.com",misc,positive,en,109,1485,67,2025-04-01,"https://bbc.com/article-1606"
1607,"Chronic pain management","<p>Asthma treatment advances include new biologics for severe asthma patients.</p>","webmd.com",infectious_disease,positive,NULL,-1,2155,43,2025-05-12,"https://webmd.com/article-1607"
1608,"Chronic pain management","Kidney stones: prevention hydration diet medication lithotripsy surgery.","forbes.com",misc,positive,en,463,5921,196,2024-06-16,"https://forbes.com/article-1608"
1609,"Heart failure treatment options","COPD: chronic lung disease smoking cessation medication pulmonary rehab.","reuters.com",pulmonology,NULL,en,-8,1081,9,2024-11-14,"https://reuters.com/article-1609"
1610,"DUPLICATE TEST TITLE","","medicalnewstoday.com",gastroenterology,neutral,en,433,1062,109,2025-04-04,"https://medicalnewstoday.com/article-1610"
1611,"Children mental health issues !!! ### )$","DUPLICATE TEST CONTENT for testing deduplication pipeline.","healthline.com",geriatrics,neutral,NULL,265,5851,55,2024-06-27,"https://healthline.com/article-1611"
1612,"Multiple sclerosis treatment","Nutrition tips for heart health: reduce sodium increase fiber eat healthy fats.","blog.random.net",neurology,UNKNOWN,NULL,42,4306,92,,"https://blog.random.net/article-1612"
1613,"Pneumonia treatment guidelines","Arthritis pain management includes physical therapy medication lifestyle changes.","cdc.gov",pediatrics,positive,en,-3,3037,189,2022-06-02,"https://cdc.gov/article-1613"
1614,"","Arthritis pain management includes physical therapy medication lifestyle changes.","blog.random.net",oncology,positive,de,30,2426,38,2023-05-07,"https://blog.random.net/article-1614"
1615,"New vaccine approved by FDA!!!","NULL","N/A",gynecology,negative,en,411,7964,174,2022-01-22,"N/A"
1616,"Celiac disease gluten free diet","DUPLICATE TEST CONTENT for testing deduplication pipeline.","webmd.com",gastroenterology,negative,en,-5,2836,22,2023-02-13,"https://webmd.com/article-1616"
1617,"Rheumatoid arthritis management","NULL","healthnews.com",neurology,negative,es,301,5913,65,2025-10-07,"https://healthnews.com/article-1617"
1618,"Diabetes type 2 prevention tips !!! ### )$","Psoriasis: skin condition treatment topical medications biologics phototherapy.","cdc.gov",NULL,UNKNOWN,UNKNOWN,285,2019,170,2024-04-25,"https://cdc.gov/article-1618"
1619,"Obesity rates rising worldwide","<p>Immune system boost: sleep well eat healthy exercise manage stress.</p>","forbes.com",mental_health,negative,en,305,,49,INVALID_DATE,"https://forbes.com/article-1619"
1620,"DUPLICATE TEST TITLE","Obesity epidemic continues to grow in developed countries worldwide.","blog.random.net",nephrology,NULL,fr,430,6052,39,,"https://blog.random.net/article-1620"
1621,"","Coronary artery disease: prevention diet exercise medication surgery.","forbes.com",neurology,negative,es,328,,104,2025-07-18,"https://forbes.com/article-1621"
1622,"New antibiotic resistant bacteria !!! ### )$","Coronary artery disease: prevention diet exercise medication surgery.","who.int",misc,positive,en,395,958,176,2024-10-23,"https://who.int/article-1622"
1623,"Sleep problems in students","New vaccine approved showing 95 percent efficacy in clinical trials.","medicalnewstoday.com",gastroenterology,UNKNOWN,NULL,362,9875,192,INVALID_DATE,"https://medicalnewstoday.com/article-1623"
1624,"Mental health crisis in teens","NULL","blog.random.net",nephrology,neutral,fr,343,3673,-1,2022-06-13,"https://blog.random.net/article-1624"
1625,"","<div>New covid wave detected in Europe. Cases rising fast!!!</div>","UNKNOWN",research,negative,en,13,9297,135,2025-11-09,"UNKNOWN"
1626,"Tuberculosis prevention strategies !!! ### )$","Mindfulness meditation reduces stress anxiety depression improves wellbeing.","mayoclinic.org",general,neutral,fr,169,7562,197,2022-09-02,"https://mayoclinic.org/article-1626"
1627,"Liver disease prevention","<div><p>DUPLICATE TEST CONTENT for testing deduplication pipeline.</p></div>","medscape.com",nutrition,negative,en,150,5472,10,2023-05-13,"https://medscape.com/article-1627"
1628,"Eye health and vision care","NULL","theguardian.com",nephrology,negative,en,387,3636,-1,2024-11-02,"https://theguardian.com/article-1628"
1629,"","Eczema: atopic dermatitis treatment moisturizers topical steroids biologics.","twitter.com",rheumatology,UNKNOWN,en,170,6897,128,2023-11-03,"https://twitter.com/article-1629"
1630,"Cholesterol management tips","<div><p>### SPAM ### Buy now!!! Click here!!!</p></div>","cdc.gov",misc,mixed,en,17,6024,162,2023-02-26,"https://cdc.gov/article-1630"
1631,"","Malaria treatment: artemisinin combination therapy prevention mosquito nets.","healthline.com",gynecology,positive,en,413,4757,-1,2023-09-11,"https://healthline.com/article-1631"
1632,"Hair loss causes and treatment","<div>New covid wave detected in Europe. Cases rising fast!!!</div>","healthline.com",infectious_disease,neutral,fr,88,7603,116,,"https://healthline.com/article-1632"
1633,"Liver disease prevention","","cdc.gov",neurology,neutral,en,432,4383,160,2022-07-17,"https://cdc.gov/article-1633"
1634,"Covid cases increase !!! !!! ### )$","<div><h2>Flu season 2024</h2><p>Health officials warn of severe flu season.</p></div>","medscape.com",rheumatology,UNKNOWN,en,37,5446,43,2025-10-11,"https://medscape.com/article-1634"
1635,"Rheumatoid arthritis management","<div>New covid wave detected in Europe. Cases rising fast!!!</div>","reddit.com",pediatrics,mixed,UNKNOWN,236,7608,115,,"https://reddit.com/article-1635"
1636,"Acid reflux GERD treatment","   ","cdc.gov",gynecology,neutral,fr,412,6125,78,INVALID_DATE,"https://cdc.gov/article-1636"
1637,"","COPD: chronic lung disease smoking cessation medication pulmonary rehab.","healthline.com",nephrology,NULL,fr,297,5367,2,2023-09-03,"https://healthline.com/article-1637"
1638,"Ovarian cancer screening","<div>New covid wave detected in Europe. Cases rising fast!!!</div>","medicalnewstoday.com",oncology,neutral,en,-7,2147,151,2022-01-17,"https://medicalnewstoday.com/article-1638"
1639,"Autism spectrum disorder research","Addiction recovery: medication assisted treatment therapy support groups.","bbc.com",gastroenterology,negative,en,420,3910,159,INVALID_DATE,"https://bbc.com/article-1639"
1640,"","Vitamin D deficiency linked to depression immune dysfunction bone loss.","medscape.com",UNKNOWN,neutral,es,374,4605,110,2025-08-17,"https://medscape.com/article-1640"
1641,"Malaria treatment advances","ADHD in children treatment includes medication behavioral therapy parent training.","healthline.com",rheumatology,mixed,es,87,,-1,,"https://healthline.com/article-1641"
1642,"Nutrition tips for heart health","Skin cancer prevention: sunscreen protective clothing avoid tanning beds.","mayoclinic.org",NULL,negative,es,437,392,-1,INVALID_DATE,"https://mayoclinic.org/article-1642"
1643,"Children mental health issues !!! ### )$","HIV AIDS research: new treatments improve life expectancy quality of life.","N/A",pulmonology,neutral,es,120,3412,31,2024-08-07,"N/A"
1644,"","Kidney disease management requires regular monitoring diet changes medication.","theguardian.com",UNKNOWN,negative,en,39,7015,132,2025-04-06,"https://theguardian.com/article-1644"
1645,"NULL","Menopause symptoms: hot flashes night sweats mood changes bone loss.","twitter.com",research,UNKNOWN,de,146,8534,42,2024-01-19,"https://twitter.com/article-1645"
1646,"Weight loss tips that work","Celiac disease: autoimmune condition triggered by gluten strict diet required.","medscape.com",NULL,negative,NULL,364,1609,174,2025-08-13,"https://medscape.com/article-1646"
1647,"Heart failure treatment options !!! ### )$","Cholesterol management: diet exercise medication statins lifestyle changes.","medscape.com",NULL,negative,en,35,1991,169,2025-06-02,"https://medscape.com/article-1647"
1648,"Hormonal imbalance symptoms !!! ### )$","Blood clot prevention: movement hydration compression stockings medication.","reddit.com",cardiology,UNKNOWN,de,63,4398,114,2023-05-14,"https://reddit.com/article-1648"
1649,"   ","Iron deficiency anemia most common nutritional deficiency worldwide affects women.","who.int",gynecology,neutral,es,480,5448,-1,2023-07-10,"https://who.int/article-1649"
1650,"Irritable bowel syndrome IBS !!! ### )$","Ovarian cancer: silent killer screening treatment surgery chemotherapy.","medscape.com",pulmonology,negative,fr,194,9746,155,2023-11-16,"https://medscape.com/article-1650"
1651,"Immune system boost tips","","nih.gov",oncology,positive,UNKNOWN,440,1400,31,2024-11-05,"https://nih.gov/article-1651"
1652,"Pregnancy complications prevention","<div><p>Cancer research shows breakthrough in immunotherapy treatment.</p></div>","NULL",endocrinology,UNKNOWN,en,101,5470,-1,2022-11-17,"NULL"
1653,"UTI prevention tips","<div><p>Acne treatment: topical retinoids antibiotics hormonal therapy isotretinoin.</p></div>","bbc.com",geriatrics,neutral,en,223,8614,53,2025-08-19,"https://bbc.com/article-1653"
1654,"Diabetes type 2 prevention tips","Eating disorders anorexia bulimia binge eating require professional treatment.","nytimes.com",NULL,positive,en,387,7711,48,INVALID_DATE,"https://nytimes.com/article-1654"
1655,"Acid reflux GERD treatment","Coronary artery disease: prevention diet exercise medication surgery.","theguardian.com",geriatrics,neutral,UNKNOWN,323,959,163,2022-04-24,"https://theguardian.com/article-1655"
1656,"Healthy aging strategies","NULL","theguardian.com",nephrology,NULL,en,278,,48,2022-02-20,"https://theguardian.com/article-1656"
1657,"Sepsis early detection strategies","Obesity epidemic continues to grow in developed countries worldwide.","reddit.com",misc,negative,en,443,9478,43,2025-04-14,"https://reddit.com/article-1657"
1658,"Mindfulness and meditation benefits","","mayoclinic.org",gastroenterology,NULL,en,169,7940,3,2025-10-05,"https://mayoclinic.org/article-1658"
1659,"Stress management techniques","","forbes.com",misc,UNKNOWN,NULL,276,,79,2024-02-06,"https://forbes.com/article-1659"
1660,"Celiac disease gluten free diet","Rheumatoid arthritis: autoimmune joint disease treatment biologics DMARDs.","medicalnewstoday.com",NULL,UNKNOWN,en,180,5018,93,,"https://medicalnewstoday.com/article-1660"
1661,"   ","Alzheimers disease affects 50 million people worldwide. New hope from research.","bbc.com",endocrinology,NULL,fr,34,3422,173,2023-02-10,"https://bbc.com/article-1661"
1662,"   ","Dengue fever prevention: mosquito control no specific treatment supportive care.","webmd.com",general,negative,en,217,9897,187,2025-04-22,"https://webmd.com/article-1662"
1663,"   ","Prostate cancer new treatment shows 90 percent success rate in clinical trials!!!","healthline.com",NULL,neutral,NULL,433,6486,-1,2025-01-18,"https://healthline.com/article-1663"
1664,"Weight loss tips that work","<div><p>Skin cancer prevention: sunscreen protective clothing avoid tanning beds.</p></div>","NULL",neurology,mixed,fr,349,8662,22,2023-04-19,"NULL"
1665,"Heart failure treatment options","<div><p>Hair loss: androgenetic alopecia treatment minoxidil finasteride transplant.</p></div>","who.int",UNKNOWN,positive,es,213,6756,50,2025-02-21,"https://who.int/article-1665"
1666,"Depression and anxiety in adults","Psoriasis: skin condition treatment topical medications biologics phototherapy.","medscape.com",cardiology,mixed,NULL,-4,6525,143,2022-01-08,"https://medscape.com/article-1666"
1667,"Pneumonia treatment guidelines !!! ### )$","Lung cancer early detection saves lives. CT scan recommended for high risk patients.","mayoclinic.org",neurology,positive,de,163,5912,45,2022-10-10,"https://mayoclinic.org/article-1667"
1668,"Lupus autoimmune disease treatment","<div><p>Bladder cancer: early detection treatment surgery chemotherapy immunotherapy.</p></div>","nih.gov",research,negative,en,121,6812,-1,2024-01-11,"https://nih.gov/article-1668"
1669,"Tuberculosis prevention strategies","High blood pressure hypertension affects 1 in 3 adults. New treatment options.","reddit.com",pediatrics,negative,NULL,164,6943,37,,"https://reddit.com/article-1669"
1670,"   ","UTI prevention: hydration hygiene cranberry probiotics antibiotics.","NULL",research,positive,fr,247,9314,177,2024-07-25,"NULL"
1671,"Endometriosis treatment advances","PCOS polycystic ovary syndrome: hormonal disorder affecting reproductive health.","medicalnewstoday.com",neurology,NULL,UNKNOWN,239,8841,53,,"https://medicalnewstoday.com/article-1671"
1672,"Migraine headache causes and cures","","theguardian.com",misc,mixed,en,234,9649,122,2024-09-07,"https://theguardian.com/article-1672"
1673,"DUPLICATE TEST TITLE","<div><p>Weight loss tips: calorie deficit exercise sleep stress management hydration.</p></div>","N/A",pulmonology,mixed,es,12,1864,67,2024-10-22,"N/A"
1674,"Dengue fever prevention tips !!! ### )$","Cholesterol management: diet exercise medication statins lifestyle changes.","cdc.gov",neurology,negative,en,237,9954,82,2024-07-26,"https://cdc.gov/article-1674"
1675,"!!!BREAKING New virus detected!!!","NULL","UNKNOWN",UNKNOWN,UNKNOWN,en,325,7565,42,2025-08-11,"UNKNOWN"
1676,"Alzheimer disease new hope","<div><p>Tuberculosis prevention: BCG vaccine treatment antibiotics public health.</p></div>","theguardian.com",NULL,negative,UNKNOWN,122,2757,148,2025-11-17,"https://theguardian.com/article-1676"
1677,"   ","<article>Children mental health issues rising post pandemic. Parents concerned.</article>","UNKNOWN",cardiology,positive,en,386,9692,113,2025-07-24,"UNKNOWN"
1678,"<h2>Flu season 2024 warning</h2>","NULL","reddit.com",misc,NULL,es,55,8422,24,2022-09-14,"https://reddit.com/article-1678"
1679,"ADHD in children treatment","NULL","UNKNOWN",cardiology,positive,NULL,112,482,170,2022-06-10,"UNKNOWN"
1680,"Rheumatoid arthritis management","Bone health osteoporosis prevention: calcium vitamin D weight bearing exercise.","medscape.com",pediatrics,negative,UNKNOWN,456,8751,-1,,"https://medscape.com/article-1680"
1681,"Cancer research breakthrough!!!","<div><p>Eating disorders anorexia bulimia binge eating require professional treatment.</p></div>","theguardian.com",dermatology,mixed,en,162,349,34,2025-05-21,"https://theguardian.com/article-1681"
1682,"Heart disease risk factors ##","NULL","forbes.com",gastroenterology,negative,en,102,6397,126,2023-09-04,"https://forbes.com/article-1682"
1683,"### SPAM ### Buy medications online ###","DUPLICATE TEST CONTENT for testing deduplication pipeline.","who.int",mental_health,NULL,en,357,5599,-1,INVALID_DATE,"https://who.int/article-1683"
1684,"   ","Eating disorders anorexia bulimia binge eating require professional treatment.","nih.gov",neurology,NULL,es,313,7159,9,2025-06-20,"https://nih.gov/article-1684"
1685,"DUPLICATE TEST TITLE","DUPLICATE TEST CONTENT for testing deduplication pipeline.","who.int",rheumatology,UNKNOWN,de,-4,9230,170,2023-06-02,"https://who.int/article-1685"
1686,"Celiac disease gluten free diet !!! ### )$","Hair loss: androgenetic alopecia treatment minoxidil finasteride transplant.","mayoclinic.org",pulmonology,UNKNOWN,fr,355,8874,39,2025-03-21,"https://mayoclinic.org/article-1686"
1687,"New vaccine approved by FDA!!!","NULL","nytimes.com",dermatology,mixed,es,-10,2788,-1,2024-03-24,"https://nytimes.com/article-1687"
1688,"Gut health and probiotics","","cdc.gov",infectious_disease,mixed,en,317,7106,176,2023-06-26,"https://cdc.gov/article-1688"
1689,"Kidney stones prevention tips","NULL","healthnews.com",mental_health,UNKNOWN,fr,124,6113,173,2025-07-18,"https://healthnews.com/article-1689"
1690,"Healthy aging strategies","Kidney stones: prevention hydration diet medication lithotripsy surgery.","who.int",gynecology,neutral,de,-9,,81,2024-04-14,"https://who.int/article-1690"
1691,"Acid reflux GERD treatment","UTI prevention: hydration hygiene cranberry probiotics antibiotics.","mayoclinic.org",nutrition,UNKNOWN,en,242,528,7,2022-02-07,"https://mayoclinic.org/article-1691"
1692,"Weight loss tips that work","Hepatitis B C treatment: antiviral medications cure possible for hepatitis C.","N/A",rheumatology,positive,en,41,9177,81,2024-07-06,"N/A"
1693,"DUPLICATE TEST TITLE","NULL","mayoclinic.org",NULL,NULL,en,435,7664,42,2025-10-04,"https://mayoclinic.org/article-1693"
1694,"Skin cancer prevention tips","COVID-19 long term effects include fatigue brain fog shortness of breath ### noise","nytimes.com",general,positive,en,333,1259,-1,2024-07-17,"https://nytimes.com/article-1694"
1695,"Stroke prevention strategies","Ovarian cancer: silent killer screening treatment surgery chemotherapy.","UNKNOWN",gynecology,neutral,fr,-1,5660,171,2023-07-21,"UNKNOWN"
1696,"Malaria treatment advances","Blood clot prevention: movement hydration compression stockings medication.","reddit.com",general,negative,en,21,913,141,INVALID_DATE,"https://reddit.com/article-1696"
1697,"Ovarian cancer screening !!! ### )$","ADHD in children treatment includes medication behavioral therapy parent training.","medicalnewstoday.com",geriatrics,neutral,en,354,7372,30,2024-09-27,"https://medicalnewstoday.com/article-1697"
1698,"Multiple sclerosis treatment","Cholesterol management: diet exercise medication statins lifestyle changes.","bbc.com",mental_health,negative,NULL,109,,172,,"https://bbc.com/article-1698"
1699,"Cancer research breakthrough!!!","NULL","webmd.com",UNKNOWN,NULL,en,372,8170,59,2024-10-14,"https://webmd.com/article-1699"
1700,"Hair loss causes and treatment","Obesity epidemic continues to grow in developed countries worldwide.","nytimes.com",mental_health,UNKNOWN,en,19,2997,165,INVALID_DATE,"https://nytimes.com/article-1700"
1701,"Obesity rates rising worldwide","NULL","who.int",gynecology,mixed,en,52,6051,6,2024-08-02,"https://who.int/article-1701"
1702,"Menopause symptoms management","","reddit.com",UNKNOWN,positive,en,161,1195,95,2023-04-24,"https://reddit.com/article-1702"
1703,"   ","Chronic pain management requires multidisciplinary approach medication therapy.","healthnews.com",dermatology,NULL,UNKNOWN,114,7,91,,"https://healthnews.com/article-1703"
1704,"Sleep problems in students !!! ### )$","Blood clot prevention: movement hydration compression stockings medication.","twitter.com",nutrition,positive,en,470,4992,49,2022-01-19,"https://twitter.com/article-1704"
1705,"ADHD in children treatment","Menopause symptoms: hot flashes night sweats mood changes bone loss.","reuters.com",neurology,neutral,fr,-5,,160,2022-10-26,"https://reuters.com/article-1705"
1706,"Cholesterol management tips","Migraine headaches affect 1 billion people worldwide. New treatments available.","healthnews.com",endocrinology,positive,en,-1,6021,90,2025-04-26,"https://healthnews.com/article-1706"
1707,"Covid cases increase !!!","NULL","N/A",gastroenterology,positive,en,31,2893,187,2022-09-19,"N/A"
1708,"Cancer research breakthrough!!!","High blood pressure hypertension affects 1 in 3 adults. New treatment options.","cdc.gov",UNKNOWN,neutral,en,-5,7814,166,2023-09-10,"https://cdc.gov/article-1708"
1709,"Tuberculosis prevention strategies","","twitter.com",infectious_disease,negative,es,77,3162,93,2024-07-16,"https://twitter.com/article-1709"
1710,"Eye health and vision care !!! ### )$","Endometriosis treatment: pain management surgery hormone therapy.","blog.random.net",mental_health,positive,en,368,7977,-1,2022-05-05,"https://blog.random.net/article-1710"
1711,"Vitamin D deficiency symptoms","","cdc.gov",infectious_disease,UNKNOWN,en,416,4155,151,2025-04-02,"https://cdc.gov/article-1711"
1712,"Tuberculosis prevention strategies","Bladder cancer: early detection treatment surgery chemotherapy immunotherapy.","nih.gov",endocrinology,UNKNOWN,UNKNOWN,482,7520,113,INVALID_DATE,"https://nih.gov/article-1712"
1713,"","<p>Scientists discover new treatment for diabetes type 2. Results promising.</p>","NULL",nephrology,UNKNOWN,en,498,8120,152,2022-07-11,"NULL"
1714,"Covid cases increase !!!","Parkinsons disease research shows promising results with new gene therapy approach.","nih.gov",oncology,mixed,en,179,3110,81,INVALID_DATE,"https://nih.gov/article-1714"
1715,"   ","DUPLICATE TEST CONTENT for testing deduplication pipeline.","nih.gov",mental_health,NULL,es,341,7085,173,2025-07-14,"https://nih.gov/article-1715"
1716,"   ","Eye health: regular exams UV protection nutrition screen time management.","webmd.com",nephrology,mixed,en,496,4261,45,2025-09-10,"https://webmd.com/article-1716"
1717,"Hormonal imbalance symptoms","NULL","forbes.com",nephrology,NULL,NULL,497,6480,192,2023-09-25,"https://forbes.com/article-1717"
1718,"Diabetes type 2 prevention tips !!! ### )$","Sepsis: life threatening infection early detection treatment critical.","NULL",dermatology,mixed,NULL,397,1827,-1,2022-05-21,"NULL"
1719,"Stroke prevention strategies","Depression and anxiety disorders affect 264 million people worldwide according to WHO.","who.int",geriatrics,neutral,en,455,460,139,2025-08-15,"https://who.int/article-1719"
1720,"Mental health crisis in teens","Iron deficiency anemia most common nutritional deficiency worldwide affects women.","who.int",oncology,mixed,NULL,5,3948,129,INVALID_DATE,"https://who.int/article-1720"
1721,"Celiac disease gluten free diet","Crohns disease: inflammatory bowel disease medication surgery lifestyle.","nih.gov",oncology,neutral,de,322,5496,14,2023-01-25,"https://nih.gov/article-1721"
1722,"HIV AIDS latest research 2024 !!! ### )$","DUPLICATE TEST CONTENT for testing deduplication pipeline.","N/A",nephrology,mixed,es,151,3986,133,2022-05-17,"N/A"
1723,"   ","Eczema: atopic dermatitis treatment moisturizers topical steroids biologics.","NULL",general,UNKNOWN,en,220,7813,-1,2025-08-19,"NULL"
1724,"Lung cancer early detection","NULL","healthnews.com",mental_health,mixed,UNKNOWN,479,190,123,2022-05-21,"https://healthnews.com/article-1724"
1725,"   ","Arthritis pain management includes physical therapy medication lifestyle changes.","who.int",nephrology,negative,UNKNOWN,205,4529,57,2022-10-24,"https://who.int/article-1725"
1726,"Mental health crisis in teens","<div><p><div>Autism spectrum disorder research advances in early detection intervention.</div></p></div>","nih.gov",dermatology,neutral,de,379,491,89,2023-07-23,"https://nih.gov/article-1726"
1727,"Breast cancer screening guidelines","","theguardian.com",UNKNOWN,UNKNOWN,fr,126,560,-1,2023-06-15,"https://theguardian.com/article-1727"
1728,"Menopause symptoms management","Arthritis pain management includes physical therapy medication lifestyle changes.","bbc.com",pediatrics,negative,es,392,1291,91,,"https://bbc.com/article-1728"
1729,"","<div>Insomnia affects 30 percent of adults. Cognitive behavioral therapy most effective.</div>","cdc.gov",infectious_disease,mixed,NULL,292,1100,-1,2022-06-26,"https://cdc.gov/article-1729"
1730,"   ","Multiple sclerosis treatment advances include new disease modifying therapies.","healthline.com",pediatrics,NULL,de,349,2444,-1,2022-06-05,"https://healthline.com/article-1730"
1731,"Psoriasis treatment advances 2024 !!! ### )$","Breast cancer screening guidelines updated. Annual mammograms recommended from age 40.","who.int",UNKNOWN,negative,en,371,7679,48,2023-05-06,"https://who.int/article-1731"
1732,"Coronary artery disease prevention","Heart failure: chronic condition treatment medication lifestyle changes.","blog.random.net",dermatology,neutral,es,3,7860,120,,"https://blog.random.net/article-1732"
1733,"Menopause symptoms management","Migraine headaches affect 1 billion people worldwide. New treatments available.","nytimes.com",research,NULL,es,123,6509,-1,2024-05-03,"https://nytimes.com/article-1733"
1734,"Ovarian cancer screening","<div><p>Students suffer from sleep deprivation. Academic performance declining.</p></div>","reuters.com",cardiology,negative,en,43,9968,-1,2024-11-13,"https://reuters.com/article-1734"
1735,"UTI prevention tips","<div><p>Tuberculosis prevention: BCG vaccine treatment antibiotics public health.</p></div>","webmd.com",NULL,mixed,en,249,3820,44,2022-07-12,"https://webmd.com/article-1735"
1736,"","PCOS polycystic ovary syndrome: hormonal disorder affecting reproductive health.","bbc.com",nephrology,NULL,en,217,9998,53,2025-11-24,"https://bbc.com/article-1736"
1737,"Mindfulness and meditation benefits","<div><p>Eye health: regular exams UV protection nutrition screen time management.</p></div>","reuters.com",nephrology,positive,UNKNOWN,310,7380,195,2022-07-25,"https://reuters.com/article-1737"
1738,"Asthma treatment advances 2024","Pneumonia treatment: antibiotics antivirals supportive care hospitalization.","who.int",general,UNKNOWN,UNKNOWN,-3,1768,56,2023-01-07,"https://who.int/article-1738"
1739,"Alzheimer disease new hope","Migraine headaches affect 1 billion people worldwide. New treatments available.","healthnews.com",general,positive,en,267,3280,1,INVALID_DATE,"https://healthnews.com/article-1739"
1740,"Irritable bowel syndrome IBS","New vaccine approved showing 95 percent efficacy in clinical trials.","healthline.com",general,UNKNOWN,fr,-5,3200,157,2025-07-08,"https://healthline.com/article-1740"
1741,"Chronic pain management !!! ### )$","Iron deficiency anemia most common nutritional deficiency worldwide affects women.","cdc.gov",research,negative,en,452,2880,198,2025-08-10,"https://cdc.gov/article-1741"
1742,"Chronic pain management","<div><p>Pneumonia treatment: antibiotics antivirals supportive care hospitalization.</p></div>","twitter.com",gastroenterology,NULL,en,347,9907,110,2024-08-20,"https://twitter.com/article-1742"
1743,"   ","Vitamin D deficiency linked to depression immune dysfunction bone loss.","medicalnewstoday.com",mental_health,negative,fr,255,,-1,2022-02-18,"https://medicalnewstoday.com/article-1743"
1744,"Lupus autoimmune disease treatment","NULL","who.int",misc,mixed,UNKNOWN,48,3162,16,2025-08-07,"https://who.int/article-1744"
1745,"Kidney stones prevention tips","DUPLICATE TEST CONTENT for testing deduplication pipeline.","UNKNOWN",infectious_disease,mixed,en,-2,7552,126,2022-04-06,"UNKNOWN"
1746,"ADVERTISEMENT Best weight loss pill","Addiction recovery: medication assisted treatment therapy support groups.","theguardian.com",geriatrics,positive,NULL,410,3876,134,INVALID_DATE,"https://theguardian.com/article-1746"
1747,"Celiac disease gluten free diet","New antibiotic resistant bacteria strain discovered in hospital settings worldwide.","nytimes.com",cardiology,positive,en,137,7488,149,,"https://nytimes.com/article-1747"
1748,"Weight loss tips that work","NULL","theguardian.com",general,mixed,NULL,32,2767,7,2025-02-18,"https://theguardian.com/article-1748"
1749,"   ","IBS irritable bowel syndrome: diet stress management medication therapy.","medscape.com",nutrition,positive,en,490,1655,91,2022-02-20,"https://medscape.com/article-1749"
1750,"","Gut health probiotics prebiotics fiber diet microbiome mental health connection.","blog.random.net",geriatrics,negative,de,32,1462,29,2023-10-15,"https://blog.random.net/article-1750"
1751,"Rheumatoid arthritis management","<div><p>HIV AIDS research: new treatments improve life expectancy quality of life.</p></div>","nih.gov",neurology,NULL,NULL,319,5278,8,2023-10-04,"https://nih.gov/article-1751"
1752,"Eating disorders treatment","Cholesterol management: diet exercise medication statins lifestyle changes.","nih.gov",dermatology,NULL,en,217,8978,11,,"https://nih.gov/article-1752"
1753,"Sepsis early detection strategies","<div><p>Heart failure: chronic condition treatment medication lifestyle changes.</p></div>","NULL",misc,neutral,en,291,476,139,2024-10-11,"NULL"
1754,"Psoriasis treatment advances 2024","","theguardian.com",gynecology,UNKNOWN,UNKNOWN,420,7344,166,2024-10-20,"https://theguardian.com/article-1754"
1755,"Hair loss causes and treatment","COPD: chronic lung disease smoking cessation medication pulmonary rehab.","healthline.com",endocrinology,positive,en,337,,195,,"https://healthline.com/article-1755"
1756,"Blood sugar control strategies","Stroke prevention: control blood pressure cholesterol diabetes exercise regularly.","healthnews.com",neurology,NULL,en,0,6232,-1,,"https://healthnews.com/article-1756"
1757,"Endometriosis treatment advances","<div><p>Depression and anxiety disorders affect 264 million people worldwide according to WHO.</p></div>","nytimes.com",infectious_disease,NULL,es,487,1591,148,2024-09-04,"https://nytimes.com/article-1757"
1758,"COVID-19 long term effects ### !!! ### )$","UTI prevention: hydration hygiene cranberry probiotics antibiotics.","healthline.com",endocrinology,positive,en,239,8865,82,2023-07-05,"https://healthline.com/article-1758"
1759,"Vitamin D deficiency symptoms !!! ### )$","   ","forbes.com",UNKNOWN,mixed,en,492,8365,69,2022-07-13,"https://forbes.com/article-1759"
1760,"Immune system boost tips","Dengue fever prevention: mosquito control no specific treatment supportive care.","reuters.com",NULL,NULL,en,208,3164,60,,"https://reuters.com/article-1760"
1761,"   ","Bladder cancer: early detection treatment surgery chemotherapy immunotherapy.","blog.random.net",cardiology,negative,NULL,453,6208,129,2023-10-13,"https://blog.random.net/article-1761"
1762,"HIV AIDS latest research 2024","<div><p>Psoriasis: skin condition treatment topical medications biologics phototherapy.</p></div>","medicalnewstoday.com",mental_health,positive,de,455,4893,133,2023-11-07,"https://medicalnewstoday.com/article-1762"
1763,"Kidney disease management tips","<p>Scientists discover new treatment for diabetes type 2. Results promising.</p>","theguardian.com",UNKNOWN,negative,NULL,140,5584,92,,"https://theguardian.com/article-1763"
1764,"DUPLICATE TEST TITLE !!! ### )$","COPD: chronic lung disease smoking cessation medication pulmonary rehab.","reddit.com",rheumatology,NULL,UNKNOWN,430,2109,70,2025-01-02,"https://reddit.com/article-1764"
1765,"   ","Addiction recovery: medication assisted treatment therapy support groups.","twitter.com",gastroenterology,mixed,en,238,7794,60,2023-02-17,"https://twitter.com/article-1765"
1766,"   ","Kidney stones: prevention hydration diet medication lithotripsy surgery.","cdc.gov",neurology,positive,en,292,3629,52,2023-07-18,"https://cdc.gov/article-1766"
1767,"ADVERTISEMENT Best weight loss pill","Depression and anxiety disorders affect 264 million people worldwide according to WHO.","reddit.com",oncology,neutral,en,-5,8927,67,2023-02-23,"https://reddit.com/article-1767"
1768,"","Celiac disease: autoimmune condition triggered by gluten strict diet required.","blog.random.net",general,mixed,NULL,308,77,167,2023-06-08,"https://blog.random.net/article-1768"
1769,"Bladder cancer early detection","Pneumonia treatment: antibiotics antivirals supportive care hospitalization.","medscape.com",infectious_disease,UNKNOWN,en,313,623,189,,"https://medscape.com/article-1769"
1770,"Nutrition tips for heart health","Multiple sclerosis treatment advances include new disease modifying therapies.","healthline.com",pediatrics,positive,es,-6,8943,-1,2025-10-10,"https://healthline.com/article-1770"
1771,"UTI prevention tips","Kidney disease management requires regular monitoring diet changes medication.","UNKNOWN",misc,neutral,UNKNOWN,90,4452,141,2023-06-05,"UNKNOWN"
1772,"Mental health crisis in teens","<h1>Heart disease remains leading cause of death worldwide</h1>","healthnews.com",gynecology,mixed,en,134,1918,89,,"https://healthnews.com/article-1772"
1773,"### SPAM ### Buy medications online ###","Pregnancy complications: preeclampsia gestational diabetes preterm birth.","twitter.com",dermatology,positive,en,-3,7914,124,2025-01-04,"https://twitter.com/article-1773"
1774,"Migraine headache causes and cures","<article>Children mental health issues rising post pandemic. Parents concerned.</article>","who.int",research,UNKNOWN,de,-2,1775,92,2024-06-20,"https://who.int/article-1774"
1775,"Exercise benefits for seniors","","medscape.com",general,UNKNOWN,de,13,5724,127,2024-06-18,"https://medscape.com/article-1775"
1776,"   ","NULL","bbc.com",endocrinology,negative,es,26,,143,2025-10-26,"https://bbc.com/article-1776"
1777,"COVID-19 long term effects ### !!! ### )$","Celiac disease: autoimmune condition triggered by gluten strict diet required.","blog.random.net",nutrition,positive,de,71,5604,-1,2023-04-25,"https://blog.random.net/article-1777"
1778,"Kidney stones prevention tips","NULL","medicalnewstoday.com",geriatrics,positive,en,163,9081,145,2025-11-24,"https://medicalnewstoday.com/article-1778"
1779,"Acne treatment for adults","NULL","theguardian.com",dermatology,neutral,fr,106,,53,2025-03-27,"https://theguardian.com/article-1779"
1780,"Bladder cancer early detection","<div><p>Arthritis pain management includes physical therapy medication lifestyle changes.</p></div>","healthnews.com",general,negative,fr,460,9254,-1,2022-03-21,"https://healthnews.com/article-1780"
1781,"Multiple sclerosis treatment","","forbes.com",nephrology,neutral,NULL,439,2873,173,2022-06-14,"https://forbes.com/article-1781"
1782,"Acne treatment for adults","DUPLICATE TEST CONTENT for testing deduplication pipeline.","NULL",pulmonology,mixed,en,-6,5225,85,2025-03-05,"NULL"
1783,"Vitamin D deficiency symptoms","PCOS polycystic ovary syndrome: hormonal disorder affecting reproductive health.","bbc.com",gastroenterology,neutral,fr,-3,4335,-1,2022-02-25,"https://bbc.com/article-1783"
1784,"Sleep problems in students","Hormonal imbalance symptoms: fatigue weight gain mood changes irregular periods.","twitter.com",oncology,negative,fr,-8,286,135,2025-09-22,"https://twitter.com/article-1784"
1785,"Lung cancer early detection !!! ### )$","PCOS polycystic ovary syndrome: hormonal disorder affecting reproductive health.","bbc.com",research,negative,de,378,7420,24,2024-11-19,"https://bbc.com/article-1785"
1786,"Acne treatment for adults","Exercise benefits for seniors include improved balance strength cognitive function.","reddit.com",NULL,UNKNOWN,en,176,3618,141,,"https://reddit.com/article-1786"
1787,"Exercise benefits for seniors","NULL","forbes.com",dermatology,neutral,en,65,9134,59,2022-08-07,"https://forbes.com/article-1787"
1788,"!!!BREAKING New virus detected!!!","NULL","blog.random.net",geriatrics,neutral,en,45,9534,114,2024-08-21,"https://blog.random.net/article-1788"
1789,"Heart disease risk factors ##","<div><p>DUPLICATE TEST CONTENT for testing deduplication pipeline.</p></div>","nih.gov",nephrology,mixed,fr,182,,111,2024-05-02,"https://nih.gov/article-1789"
1790,"Hair loss causes and treatment !!! ### )$","UTI prevention: hydration hygiene cranberry probiotics antibiotics.","forbes.com",nephrology,positive,es,408,9781,142,2024-10-13,"https://forbes.com/article-1790"
1791,"New antibiotic resistant bacteria","Obesity epidemic continues to grow in developed countries worldwide.","medscape.com",pediatrics,NULL,NULL,248,7731,111,INVALID_DATE,"https://medscape.com/article-1791"
1792,"Hepatitis B and C treatment","NULL","webmd.com",rheumatology,positive,en,450,9475,8,2024-07-12,"https://webmd.com/article-1792"
1793,"","Obesity epidemic continues to grow in developed countries worldwide.","medscape.com",general,positive,de,143,3556,0,2024-03-01,"https://medscape.com/article-1793"
1794,"Ovarian cancer screening","NULL","blog.random.net",research,NULL,en,481,958,189,2024-07-25,"https://blog.random.net/article-1794"
1795,"<div>Cholesterol tips</div>","NULL","NULL",nephrology,UNKNOWN,UNKNOWN,300,1990,20,2024-08-06,"NULL"
1796,"Vitamin D deficiency symptoms","Hepatitis B C treatment: antiviral medications cure possible for hepatitis C.","blog.random.net",dermatology,positive,NULL,275,5819,102,,"https://blog.random.net/article-1796"
1797,"Chronic pain management","NULL","webmd.com",dermatology,neutral,fr,376,8000,81,2024-08-04,"https://webmd.com/article-1797"
1798,"   ","Psoriasis: skin condition treatment topical medications biologics phototherapy.","theguardian.com",research,positive,NULL,127,9397,113,2023-01-13,"https://theguardian.com/article-1798"
1799,"Hepatitis B and C treatment","<div><h2>Flu season 2024</h2><p>Health officials warn of severe flu season.</p></div>","theguardian.com",gynecology,NULL,es,338,4883,62,INVALID_DATE,"https://theguardian.com/article-1799"
1800,"Breast cancer screening guidelines","","UNKNOWN",dermatology,NULL,es,125,9637,170,2025-04-11,"UNKNOWN"
1801,"COVID-19 long term effects ###","Exercise benefits for seniors include improved balance strength cognitive function.","medscape.com",general,NULL,fr,270,3026,197,,"https://medscape.com/article-1801"
1802,"Migraine headache causes and cures","<div><p>Skin cancer prevention: sunscreen protective clothing avoid tanning beds.</p></div>","N/A",gynecology,negative,UNKNOWN,376,5220,55,2024-01-23,"N/A"
1803,"   ","   ","webmd.com",infectious_disease,mixed,en,15,4436,192,2023-05-05,"https://webmd.com/article-1803"
1804,"   ","Dengue fever prevention: mosquito control no specific treatment supportive care.","theguardian.com",geriatrics,mixed,en,470,9398,166,2022-03-13,"https://theguardian.com/article-1804"
1805,"Gut health and probiotics","Cancer research shows breakthrough in immunotherapy treatment.","medscape.com",UNKNOWN,positive,es,311,1068,142,2023-10-21,"https://medscape.com/article-1805"
1806,"Heart disease risk factors ## !!! ### )$","Eye health: regular exams UV protection nutrition screen time management.","healthline.com",pediatrics,positive,NULL,296,,72,2024-01-14,"https://healthline.com/article-1806"
1807,"Alzheimer disease new hope !!! ### )$","<div>New covid wave detected in Europe. Cases rising fast!!!</div>","blog.random.net",nutrition,mixed,NULL,251,4797,44,2024-11-10,"https://blog.random.net/article-1807"
1808,"Addiction recovery strategies","","nih.gov",endocrinology,negative,en,106,2890,47,2023-05-21,"https://nih.gov/article-1808"
1809,"Alzheimer disease new hope","Addiction recovery: medication assisted treatment therapy support groups.","webmd.com",endocrinology,positive,es,46,2801,51,,"https://webmd.com/article-1809"
1810,"COVID-19 long term effects ###","<div><p><p>Scientists discover new treatment for diabetes type 2. Results promising.</p></p></div>","twitter.com",pediatrics,NULL,es,135,2125,188,2022-11-07,"https://twitter.com/article-1810"
1811,"","<p>Scientists discover new treatment for diabetes type 2. Results promising.</p>","N/A",pediatrics,UNKNOWN,en,404,,115,2023-11-18,"N/A"
1812,"High blood pressure treatment","Eczema: atopic dermatitis treatment moisturizers topical steroids biologics.","forbes.com",UNKNOWN,NULL,NULL,-5,7349,111,2025-03-13,"https://forbes.com/article-1812"
1813,"!!!BREAKING New virus detected!!!","Eating disorders anorexia bulimia binge eating require professional treatment.","who.int",pulmonology,neutral,de,-9,2288,16,2025-04-07,"https://who.int/article-1813"
1814,"","Dental health tips: brush twice daily floss regularly visit dentist every 6 months.","healthnews.com",endocrinology,positive,NULL,404,4141,10,2025-07-24,"https://healthnews.com/article-1814"
1815,"Bone health and osteoporosis","<h1>Heart disease remains leading cause of death worldwide</h1>","reuters.com",dermatology,negative,en,298,1921,77,2023-04-11,"https://reuters.com/article-1815"
1816,"Menopause symptoms management","   ","blog.random.net",misc,NULL,en,-3,8719,138,2024-05-12,"https://blog.random.net/article-1816"
1817,"<h2>Flu season 2024 warning</h2>","Blood sugar control: diet exercise medication monitoring regular checkups.","blog.random.net",endocrinology,NULL,NULL,249,5538,178,INVALID_DATE,"https://blog.random.net/article-1817"
1818,"Psoriasis treatment advances 2024 !!! ### )$","Eating disorders anorexia bulimia binge eating require professional treatment.","mayoclinic.org",oncology,neutral,UNKNOWN,117,1161,40,2024-10-05,"https://mayoclinic.org/article-1818"
1819,"New antibiotic resistant bacteria","<div><h2>Flu season 2024</h2><p>Health officials warn of severe flu season.</p></div>","reuters.com",research,negative,NULL,179,1435,9,,"https://reuters.com/article-1819"
1820,"","Pneumonia treatment: antibiotics antivirals supportive care hospitalization.","webmd.com",oncology,negative,en,316,6451,105,2023-11-27,"https://webmd.com/article-1820"
1821,"Hormonal imbalance symptoms","DUPLICATE TEST CONTENT for testing deduplication pipeline.","nih.gov",nutrition,mixed,UNKNOWN,93,4742,163,INVALID_DATE,"https://nih.gov/article-1821"
1822,"Liver disease prevention !!! ### )$","Healthy aging: exercise nutrition social connection mental stimulation sleep.","blog.random.net",misc,negative,de,460,6764,-1,2022-07-01,"https://blog.random.net/article-1822"
1823,"Vitamin D deficiency symptoms","Epilepsy management: medication surgery diet therapy vagus nerve stimulation.","webmd.com",research,neutral,en,-3,7015,134,2023-01-05,"https://webmd.com/article-1823"
1824,"Lupus autoimmune disease treatment","Blood sugar control: diet exercise medication monitoring regular checkups.","mayoclinic.org",pulmonology,neutral,en,69,5859,45,INVALID_DATE,"https://mayoclinic.org/article-1824"
1825,"UTI prevention tips !!! ### )$","Arthritis pain management includes physical therapy medication lifestyle changes.","nytimes.com",neurology,positive,en,349,,185,2022-01-01,"https://nytimes.com/article-1825"
1826,"Diabetes type 2 prevention tips","Skin cancer prevention: sunscreen protective clothing avoid tanning beds.","cdc.gov",geriatrics,NULL,de,338,3534,74,INVALID_DATE,"https://cdc.gov/article-1826"
1827,"Blood sugar control strategies","NULL","blog.random.net",nutrition,neutral,UNKNOWN,379,7170,133,2025-08-20,"https://blog.random.net/article-1827"
1828,"Polycystic ovary syndrome PCOS","NULL","NULL",mental_health,positive,en,273,2717,89,2022-06-18,"NULL"
1829,"Healthy aging strategies","HIV AIDS research: new treatments improve life expectancy quality of life.","NULL",dermatology,mixed,en,241,7922,-1,INVALID_DATE,"NULL"
1830,"<h2>Flu season 2024 warning</h2>","<div><p>PCOS polycystic ovary syndrome: hormonal disorder affecting reproductive health.</p></div>","N/A",mental_health,mixed,en,361,9472,76,2024-02-09,"N/A"
1831,"Coronary artery disease prevention","","twitter.com",pulmonology,negative,de,396,6567,20,2022-08-24,"https://twitter.com/article-1831"
1832,"Mindfulness and meditation benefits","Hormonal imbalance symptoms: fatigue weight gain mood changes irregular periods.","twitter.com",neurology,negative,fr,-2,5050,111,2025-11-08,"https://twitter.com/article-1832"
1833,"DUPLICATE TEST TITLE","Arthritis pain management includes physical therapy medication lifestyle changes.","reuters.com",oncology,mixed,en,299,254,143,INVALID_DATE,"https://reuters.com/article-1833"
1834,"ADHD in children treatment","<div><p>UTI prevention: hydration hygiene cranberry probiotics antibiotics.</p></div>","twitter.com",endocrinology,mixed,en,83,5986,70,2025-07-11,"https://twitter.com/article-1834"
1835,"Pneumonia treatment guidelines","<div><p>Rheumatoid arthritis: autoimmune joint disease treatment biologics DMARDs.</p></div>","cdc.gov",pulmonology,negative,en,183,720,79,2022-06-16,"https://cdc.gov/article-1835"
1836,"","Celiac disease: autoimmune condition triggered by gluten strict diet required.","mayoclinic.org",UNKNOWN,NULL,en,154,1813,99,2024-11-23,"https://mayoclinic.org/article-1836"
1837,"Cholesterol management tips","<div><p>Cancer research shows breakthrough in immunotherapy treatment.</p></div>","UNKNOWN",geriatrics,negative,UNKNOWN,64,5294,37,2024-03-26,"UNKNOWN"
1838,"Infertility treatment options 2024 !!! ### )$","Iron deficiency anemia most common nutritional deficiency worldwide affects women.","webmd.com",gastroenterology,negative,fr,287,9519,3,2022-04-25,"https://webmd.com/article-1838"
1839,"UTI prevention tips","DUPLICATE TEST CONTENT for testing deduplication pipeline.","webmd.com",research,NULL,NULL,380,1887,-1,2023-03-11,"https://webmd.com/article-1839"
1840,"Pneumonia treatment guidelines","<div><p>Blood sugar control: diet exercise medication monitoring regular checkups.</p></div>","who.int",NULL,NULL,en,255,8045,158,2025-11-27,"https://who.int/article-1840"
1841,"Hepatitis B and C treatment","Nutrition tips for heart health: reduce sodium increase fiber eat healthy fats.","nih.gov",geriatrics,mixed,es,-6,6931,127,2023-07-03,"https://nih.gov/article-1841"
1842,"Irritable bowel syndrome IBS","Multiple sclerosis treatment advances include new disease modifying therapies.","bbc.com",gastroenterology,negative,en,105,4107,47,,"https://bbc.com/article-1842"
1843,"   ","Epilepsy management: medication surgery diet therapy vagus nerve stimulation.","mayoclinic.org",rheumatology,UNKNOWN,en,50,1493,72,2025-02-20,"https://mayoclinic.org/article-1843"
1844,"Lung cancer early detection","Chronic pain management requires multidisciplinary approach medication therapy.","blog.random.net",pediatrics,mixed,UNKNOWN,479,1589,107,INVALID_DATE,"https://blog.random.net/article-1844"
1845,"Thyroid disease symptoms","DUPLICATE TEST CONTENT for testing deduplication pipeline.","healthline.com",UNKNOWN,negative,es,222,6073,-1,INVALID_DATE,"https://healthline.com/article-1845"
1846,"Lung cancer early detection","NULL","NULL",UNKNOWN,positive,es,250,7079,165,2024-11-09,"NULL"
1847,"Hormonal imbalance symptoms","","theguardian.com",cardiology,mixed,en,171,285,65,2025-07-16,"https://theguardian.com/article-1847"
1848,"Eye health and vision care","NULL","reuters.com",geriatrics,UNKNOWN,UNKNOWN,367,529,142,2025-09-27,"https://reuters.com/article-1848"
1849,"Rheumatoid arthritis management","","nih.gov",research,mixed,fr,227,9144,86,2022-06-10,"https://nih.gov/article-1849"
1850,"Menopause symptoms management","<div><p>HIV AIDS research: new treatments improve life expectancy quality of life.</p></div>","twitter.com",misc,negative,en,434,1442,108,2023-06-10,"https://twitter.com/article-1850"
1851,"   ","<div><h2>Flu season 2024</h2><p>Health officials warn of severe flu season.</p></div>","healthnews.com",UNKNOWN,neutral,fr,61,9959,88,,"https://healthnews.com/article-1851"
1852,"Sleep problems in students !!! ### )$","Chronic pain management requires multidisciplinary approach medication therapy.","nytimes.com",NULL,mixed,en,165,3167,34,2024-11-01,"https://nytimes.com/article-1852"
1853,"Mental health crisis in teens","","nih.gov",research,negative,fr,18,994,143,2023-05-09,"https://nih.gov/article-1853"
1854,"","Arthritis pain management includes physical therapy medication lifestyle changes.","twitter.com",neurology,mixed,en,400,2677,-1,2024-02-19,"https://twitter.com/article-1854"
1855,"Blood sugar control strategies","Sepsis: life threatening infection early detection treatment critical.","reuters.com",NULL,NULL,es,-6,1621,188,2023-02-10,"https://reuters.com/article-1855"
1856,"!!!BREAKING New virus detected!!!","","webmd.com",research,mixed,en,53,8102,119,2024-02-03,"https://webmd.com/article-1856"
1857,"Endometriosis treatment advances","","twitter.com",NULL,UNKNOWN,NULL,132,6602,-1,2025-03-22,"https://twitter.com/article-1857"
1858,"DUPLICATE TEST TITLE","Blood clot prevention: movement hydration compression stockings medication.","theguardian.com",mental_health,negative,en,411,2796,40,INVALID_DATE,"https://theguardian.com/article-1858"
1859,"Eczema skin condition management","NULL","who.int",mental_health,neutral,NULL,101,4963,194,2023-10-08,"https://who.int/article-1859"
1860,"Alzheimer disease new hope","Healthy aging: exercise nutrition social connection mental stimulation sleep.","cdc.gov",nutrition,mixed,en,406,1883,5,INVALID_DATE,"https://cdc.gov/article-1860"
1861,"Gut health and probiotics","<div><p>ADHD in children treatment includes medication behavioral therapy parent training.</p></div>","blog.random.net",nutrition,mixed,de,370,2524,85,2024-09-12,"https://blog.random.net/article-1861"
1862,"Liver disease prevention","<div><p>DUPLICATE TEST CONTENT for testing deduplication pipeline.</p></div>","NULL",pulmonology,negative,NULL,344,2167,193,2023-08-19,"NULL"
1863,"Addiction recovery strategies","","healthnews.com",misc,neutral,en,17,8077,88,2025-09-26,"https://healthnews.com/article-1863"
1864,"Breast cancer screening guidelines","<div><p>Crohns disease: inflammatory bowel disease medication surgery lifestyle.</p></div>","medicalnewstoday.com",geriatrics,neutral,es,214,6873,175,2022-06-22,"https://medicalnewstoday.com/article-1864"
1865,"Irritable bowel syndrome IBS","Migraine headaches affect 1 billion people worldwide. New treatments available.","medicalnewstoday.com",endocrinology,positive,UNKNOWN,225,5553,49,INVALID_DATE,"https://medicalnewstoday.com/article-1865"
1866,"","Heart failure: chronic condition treatment medication lifestyle changes.","forbes.com",rheumatology,negative,de,262,1206,139,2024-06-01,"https://forbes.com/article-1866"
1867,"Liver disease prevention","NULL","blog.random.net",misc,positive,UNKNOWN,23,2747,93,2022-06-01,"https://blog.random.net/article-1867"
1868,"Psoriasis treatment advances 2024","Breast cancer screening guidelines updated. Annual mammograms recommended from age 40.","healthnews.com",nutrition,negative,UNKNOWN,-3,2249,96,2025-07-10,"https://healthnews.com/article-1868"
1869,"Crohns disease management","NULL","bbc.com",cardiology,mixed,en,381,2703,105,2025-03-02,"https://bbc.com/article-1869"
1870,"### SPAM ### Buy medications online ### !!! ### )$","Stroke prevention: control blood pressure cholesterol diabetes exercise regularly.","reuters.com",dermatology,negative,UNKNOWN,278,4864,144,2023-04-01,"https://reuters.com/article-1870"
1871,"   ","Iron deficiency anemia most common nutritional deficiency worldwide affects women.","medscape.com",general,mixed,en,149,6934,174,2024-02-23,"https://medscape.com/article-1871"
1872,"Asthma treatment advances 2024","Epilepsy management: medication surgery diet therapy vagus nerve stimulation.","UNKNOWN",pulmonology,negative,en,320,8988,145,2022-07-26,"UNKNOWN"
1873,"Healthy aging strategies","ADHD in children treatment includes medication behavioral therapy parent training.","nytimes.com",nephrology,negative,de,185,8581,163,,"https://nytimes.com/article-1873"
1874,"Gut health and probiotics !!! ### )$","Tuberculosis prevention: BCG vaccine treatment antibiotics public health.","forbes.com",cardiology,negative,en,178,3541,149,2024-02-10,"https://forbes.com/article-1874"
1875,"Eczema skin condition management","<div><p>Heart failure: chronic condition treatment medication lifestyle changes.</p></div>","reddit.com",infectious_disease,positive,en,490,5625,133,2023-01-11,"https://reddit.com/article-1875"
1876,"Eye health and vision care","<div><p>Pregnancy complications: preeclampsia gestational diabetes preterm birth.</p></div>","who.int",neurology,neutral,en,350,2428,138,2024-05-01,"https://who.int/article-1876"
1877,"### SPAM ### Buy medications online ###","Heart failure: chronic condition treatment medication lifestyle changes.","blog.random.net",nutrition,negative,es,301,4655,74,,"https://blog.random.net/article-1877"
1878,"Mindfulness and meditation benefits","","webmd.com",pulmonology,mixed,UNKNOWN,24,,41,2025-02-25,"https://webmd.com/article-1878"
1879,"Heart disease risk factors ##","Ovarian cancer: silent killer screening treatment surgery chemotherapy.","who.int",endocrinology,mixed,es,154,9528,181,2025-03-15,"https://who.int/article-1879"
1880,"","<div>Autism spectrum disorder research advances in early detection intervention.</div>","nih.gov",pulmonology,mixed,en,17,8419,115,2022-05-15,"https://nih.gov/article-1880"
1881,"Weight loss tips that work","Addiction recovery: medication assisted treatment therapy support groups.","twitter.com",gynecology,neutral,es,-3,866,86,2024-07-15,"https://twitter.com/article-1881"
1882,"Kidney stones prevention tips","","healthnews.com",pediatrics,positive,en,6,5593,10,2022-09-20,"https://healthnews.com/article-1882"
1883,"!!!BREAKING New virus detected!!!","Stroke prevention: control blood pressure cholesterol diabetes exercise regularly.","NULL",cardiology,mixed,en,-8,5649,44,2025-05-08,"NULL"
1884,"","Iron deficiency anemia most common nutritional deficiency worldwide affects women.","healthnews.com",rheumatology,mixed,en,400,9035,91,2023-11-11,"https://healthnews.com/article-1884"
1885,"","Type 2 diabetes can be prevented with lifestyle changes diet exercise weight loss.","nytimes.com",neurology,positive,fr,101,6332,122,2024-08-23,"https://nytimes.com/article-1885"
1886,"   ","Tuberculosis prevention: BCG vaccine treatment antibiotics public health.","nih.gov",gastroenterology,neutral,de,316,8597,124,2022-07-16,"https://nih.gov/article-1886"
1887,"Lupus autoimmune disease treatment","NULL","NULL",gastroenterology,neutral,en,108,7896,-1,2022-04-13,"NULL"
1888,"Crohns disease management","NULL","nytimes.com",nutrition,NULL,en,443,5695,174,2025-02-25,"https://nytimes.com/article-1888"
1889,"","Psoriasis: skin condition treatment topical medications biologics phototherapy.","theguardian.com",rheumatology,UNKNOWN,es,480,8017,17,2024-06-21,"https://theguardian.com/article-1889"
1890,"","COPD: chronic lung disease smoking cessation medication pulmonary rehab.","twitter.com",NULL,NULL,UNKNOWN,103,3,82,2022-04-21,"https://twitter.com/article-1890"
1891,"","Eczema: atopic dermatitis treatment moisturizers topical steroids biologics.","UNKNOWN",infectious_disease,NULL,en,36,1880,97,2022-01-12,"UNKNOWN"
1892,"Eczema skin condition management","Rheumatoid arthritis: autoimmune joint disease treatment biologics DMARDs.","reddit.com",misc,mixed,fr,437,1277,-1,2023-07-17,"https://reddit.com/article-1892"
1893,"Eye health and vision care","ADHD in children treatment includes medication behavioral therapy parent training.","NULL",dermatology,mixed,en,-9,7541,199,2023-06-14,"NULL"
1894,"Irritable bowel syndrome IBS","<div><p>Bladder cancer: early detection treatment surgery chemotherapy immunotherapy.</p></div>","NULL",NULL,UNKNOWN,en,317,3841,161,2022-09-21,"NULL"
1895,"Weight loss tips that work","Alzheimers disease affects 50 million people worldwide. New hope from research.","bbc.com",mental_health,UNKNOWN,en,-2,7543,4,2022-01-20,"https://bbc.com/article-1895"
1896,"Covid cases increase !!!","Obesity epidemic continues to grow in developed countries worldwide.","healthnews.com",geriatrics,negative,en,137,,176,,"https://healthnews.com/article-1896"
1897,"Healthy aging strategies","<div><p>ADVERTISEMENT Buy cheap medications online no prescription needed</p></div>","bbc.com",NULL,negative,en,-4,9235,59,2024-06-27,"https://bbc.com/article-1897"
1898,"Acne treatment for adults","<h1>Heart disease remains leading cause of death worldwide</h1>","nih.gov",gastroenterology,neutral,en,65,3734,-1,INVALID_DATE,"https://nih.gov/article-1898"
1899,"Arthritis pain management","Migraine headaches affect 1 billion people worldwide. New treatments available.","cdc.gov",oncology,NULL,fr,476,628,130,INVALID_DATE,"https://cdc.gov/article-1899"
1900,"Heart disease risk factors ##","Celiac disease: autoimmune condition triggered by gluten strict diet required.","forbes.com",endocrinology,mixed,en,-1,5000,54,2024-10-24,"https://forbes.com/article-1900"
1901,"Breast cancer screening guidelines","Eye health: regular exams UV protection nutrition screen time management.","NULL",endocrinology,NULL,UNKNOWN,82,5093,167,,"NULL"
1902,"!!!BREAKING New virus detected!!!","<div><p>Blood sugar control: diet exercise medication monitoring regular checkups.</p></div>","bbc.com",nutrition,mixed,es,462,6775,91,2022-02-20,"https://bbc.com/article-1902"
1903,"Depression and anxiety in adults","NULL","nytimes.com",oncology,UNKNOWN,NULL,364,5618,6,2025-02-14,"https://nytimes.com/article-1903"
1904,"Skin cancer prevention tips !!! ### )$","<p>Immune system boost: sleep well eat healthy exercise manage stress.</p>","reddit.com",general,negative,fr,6,4356,163,2023-11-05,"https://reddit.com/article-1904"
1905,"Chronic pain management","","reuters.com",cardiology,negative,de,227,7696,7,2024-02-10,"https://reuters.com/article-1905"
1906,"Lung cancer early detection","Depression and anxiety disorders affect 264 million people worldwide according to WHO.","bbc.com",gastroenterology,negative,en,177,1433,194,2022-01-20,"https://bbc.com/article-1906"
1907,"Blood clot prevention tips","Pregnancy complications: preeclampsia gestational diabetes preterm birth.","cdc.gov",dermatology,mixed,es,172,8771,-1,2022-02-16,"https://cdc.gov/article-1907"
1908,"Hair loss causes and treatment","NULL","N/A",nephrology,neutral,es,330,2123,72,2025-06-23,"N/A"
1909,"","Bladder cancer: early detection treatment surgery chemotherapy immunotherapy.","cdc.gov",research,negative,UNKNOWN,490,7043,34,2023-10-24,"https://cdc.gov/article-1909"
1910,"   ","Endometriosis treatment: pain management surgery hormone therapy.","theguardian.com",infectious_disease,UNKNOWN,en,90,5913,110,2022-02-25,"https://theguardian.com/article-1910"
1911,"","### SPAM ### Buy now!!! Click here!!!","nytimes.com",misc,NULL,fr,307,8610,43,2024-01-23,"https://nytimes.com/article-1911"
1912,"Multiple sclerosis treatment","<div><p><p>Scientists discover new treatment for diabetes type 2. Results promising.</p></p></div>","reddit.com",pediatrics,negative,en,179,268,70,2023-06-21,"https://reddit.com/article-1912"
1913,"","Eating disorders anorexia bulimia binge eating require professional treatment.","webmd.com",nephrology,mixed,fr,2,9195,-1,2025-10-10,"https://webmd.com/article-1913"
1914,"   ","DUPLICATE TEST CONTENT for testing deduplication pipeline.","healthnews.com",pulmonology,negative,en,246,905,128,2023-03-26,"https://healthnews.com/article-1914"
1915,"","DUPLICATE TEST CONTENT for testing deduplication pipeline.","twitter.com",rheumatology,UNKNOWN,en,110,3220,63,2023-05-14,"https://twitter.com/article-1915"
1916,"Sleep problems in students","Addiction recovery: medication assisted treatment therapy support groups.","healthline.com",NULL,neutral,NULL,-2,2349,6,2024-06-21,"https://healthline.com/article-1916"
1917,"Dental health tips for adults","NULL","bbc.com",infectious_disease,positive,en,286,4612,134,2025-06-10,"https://bbc.com/article-1917"
1918,"   ","Sepsis: life threatening infection early detection treatment critical.","blog.random.net",pediatrics,negative,en,125,1556,38,2023-06-19,"https://blog.random.net/article-1918"
1919,"Breast cancer screening guidelines","Stress management: exercise meditation yoga deep breathing time management.","N/A",research,NULL,UNKNOWN,346,2953,41,INVALID_DATE,"N/A"
1920,"Rheumatoid arthritis management","Mental health crisis affecting teenagers globally. Depression rates up 30 percent.","mayoclinic.org",endocrinology,neutral,en,-7,1727,57,2025-06-11,"https://mayoclinic.org/article-1920"
1921,"DUPLICATE TEST TITLE","<h1>Heart disease remains leading cause of death worldwide</h1>","healthnews.com",dermatology,negative,UNKNOWN,444,,130,,"https://healthnews.com/article-1921"
1922,"Ovarian cancer screening","NULL","N/A",UNKNOWN,positive,en,44,4110,124,2023-11-04,"N/A"
1923,"","Exercise benefits for seniors include improved balance strength cognitive function.","UNKNOWN",pediatrics,neutral,en,429,719,129,2023-10-16,"UNKNOWN"
1924,"Bone health and osteoporosis","ADHD in children treatment includes medication behavioral therapy parent training.","mayoclinic.org",misc,NULL,es,185,853,92,,"https://mayoclinic.org/article-1924"
1925,"","Iron deficiency anemia most common nutritional deficiency worldwide affects women.","mayoclinic.org",mental_health,NULL,de,11,9243,105,2022-05-27,"https://mayoclinic.org/article-1925"
1926,"Obesity rates rising worldwide !!! ### )$","Arthritis pain management includes physical therapy medication lifestyle changes.","nytimes.com",dermatology,negative,NULL,54,1989,174,2023-04-23,"https://nytimes.com/article-1926"
1927,"Diabetes type 2 prevention tips !!! ### )$","### SPAM ### Buy now!!! Click here!!!","forbes.com",gynecology,neutral,fr,3,9921,127,2023-01-27,"https://forbes.com/article-1927"
1928,"DUPLICATE TEST TITLE","Coronary artery disease: prevention diet exercise medication surgery.","NULL",pediatrics,NULL,en,248,9487,77,INVALID_DATE,"NULL"
1929,"Vitamin D deficiency symptoms","NULL","N/A",nutrition,mixed,en,409,8410,197,,"N/A"
1930,"Endometriosis treatment advances","<div>Autism spectrum disorder research advances in early detection intervention.</div>","UNKNOWN",pulmonology,positive,fr,-10,3740,47,2024-04-16,"UNKNOWN"
1931,"DUPLICATE TEST TITLE","Kidney disease management requires regular monitoring diet changes medication.","reuters.com",rheumatology,negative,de,381,9662,139,,"https://reuters.com/article-1931"
1932,"Chronic pain management","Acne treatment: topical retinoids antibiotics hormonal therapy isotretinoin.","NULL",endocrinology,NULL,NULL,-8,4402,129,2022-05-25,"NULL"
1933,"Depression and anxiety in adults","<div><p>Breast cancer screening guidelines updated. Annual mammograms recommended from age 40.</p></div>","twitter.com",nephrology,mixed,NULL,393,5353,189,2025-09-12,"https://twitter.com/article-1933"
1934,"Endometriosis treatment advances !!! ### )$","HIV AIDS research: new treatments improve life expectancy quality of life.","NULL",research,negative,de,256,5828,67,2025-06-15,"NULL"
1935,"Irritable bowel syndrome IBS !!! ### )$","Blood sugar control: diet exercise medication monitoring regular checkups.","webmd.com",research,NULL,en,14,2128,56,2024-09-11,"https://webmd.com/article-1935"
1936,"","<div><h2>Flu season 2024</h2><p>Health officials warn of severe flu season.</p></div>","N/A",pediatrics,negative,en,183,2714,87,2024-10-12,"N/A"
1937,"Lung cancer early detection","Crohns disease: inflammatory bowel disease medication surgery lifestyle.","nytimes.com",general,neutral,en,-4,250,71,2023-01-04,"https://nytimes.com/article-1937"
1938,"Psoriasis treatment advances 2024","NULL","cdc.gov",pediatrics,positive,en,307,9956,51,2024-02-01,"https://cdc.gov/article-1938"
1939,"   ","Psoriasis: skin condition treatment topical medications biologics phototherapy.","reddit.com",rheumatology,NULL,es,228,8515,5,2023-04-08,"https://reddit.com/article-1939"
1940,"Exercise benefits for seniors","NULL","medicalnewstoday.com",general,positive,UNKNOWN,397,9556,89,2023-02-02,"https://medicalnewstoday.com/article-1940"
1941,"Arthritis pain management","UTI prevention: hydration hygiene cranberry probiotics antibiotics.","healthline.com",UNKNOWN,negative,UNKNOWN,27,3502,115,2023-07-01,"https://healthline.com/article-1941"
1942,"Gut health and probiotics","<div><p>Malaria treatment: artemisinin combination therapy prevention mosquito nets.</p></div>","nytimes.com",oncology,negative,NULL,3,4350,44,2025-05-18,"https://nytimes.com/article-1942"
1943,"","Liver disease prevention: avoid alcohol maintain healthy weight get vaccinated.","medicalnewstoday.com",neurology,positive,fr,276,9659,100,2024-06-05,"https://medicalnewstoday.com/article-1943"
1944,"Cholesterol management tips","### SPAM ### Buy now!!! Click here!!!","NULL",misc,positive,NULL,-6,1497,176,2023-05-17,"NULL"
1945,"Blood clot prevention tips !!! ### )$","Kidney stones: prevention hydration diet medication lithotripsy surgery.","medscape.com",dermatology,neutral,es,81,709,154,2024-06-23,"https://medscape.com/article-1945"
1946,"Hepatitis B and C treatment","Infertility treatment: IVF IUI medication surgery lifestyle changes.","cdc.gov",mental_health,NULL,en,-7,6175,35,2022-11-13,"https://cdc.gov/article-1946"
1947,"Breast cancer screening guidelines","Gut health probiotics prebiotics fiber diet microbiome mental health connection.","bbc.com",nephrology,mixed,fr,254,7120,97,INVALID_DATE,"https://bbc.com/article-1947"
1948,"Parkinsons disease research","Breast cancer screening guidelines updated. Annual mammograms recommended from age 40.","forbes.com",research,UNKNOWN,en,436,5603,196,2025-10-23,"https://forbes.com/article-1948"
1949,"Covid cases increase !!!","Lupus: autoimmune disease affects multiple organs treatment medication.","medscape.com",neurology,negative,es,-9,6803,133,2022-03-19,"https://medscape.com/article-1949"
1950,"Children mental health issues","<p>Asthma treatment advances include new biologics for severe asthma patients.</p>","nytimes.com",NULL,positive,NULL,-5,23,19,2025-06-22,"https://nytimes.com/article-1950"
1951,"Dengue fever prevention tips","Blood sugar control: diet exercise medication monitoring regular checkups.","NULL",nutrition,neutral,NULL,25,4618,161,INVALID_DATE,"NULL"
1952,"Cholesterol management tips","Hormonal imbalance symptoms: fatigue weight gain mood changes irregular periods.","reddit.com",UNKNOWN,neutral,en,117,3408,65,INVALID_DATE,"https://reddit.com/article-1952"
1953,"Kidney stones prevention tips","<div>Autism spectrum disorder research advances in early detection intervention.</div>","nih.gov",geriatrics,positive,es,63,6588,34,INVALID_DATE,"https://nih.gov/article-1953"
1954,"Blood clot prevention tips","Kidney disease management requires regular monitoring diet changes medication.","N/A",rheumatology,positive,NULL,-5,4726,60,2025-11-20,"N/A"
1955,"Eczema skin condition management","Lung cancer early detection saves lives. CT scan recommended for high risk patients.","NULL",cardiology,NULL,en,313,6412,152,,"NULL"
1956,"Parkinsons disease research","Dengue fever prevention: mosquito control no specific treatment supportive care.","nytimes.com",rheumatology,negative,es,401,6380,53,INVALID_DATE,"https://nytimes.com/article-1956"
1957,"Migraine headache causes and cures","NULL","N/A",pediatrics,NULL,en,202,2797,35,2023-03-23,"N/A"
1958,"### SPAM ### Buy medications online ###","UTI prevention: hydration hygiene cranberry probiotics antibiotics.","nih.gov",gastroenterology,negative,NULL,-8,2620,87,2022-04-17,"https://nih.gov/article-1958"
1959,"<b>New diabetes treatment</b>","Epilepsy management: medication surgery diet therapy vagus nerve stimulation.","reddit.com",geriatrics,NULL,UNKNOWN,-8,,30,2023-07-26,"https://reddit.com/article-1959"
1960,"Menopause symptoms management","Cancer research shows breakthrough in immunotherapy treatment.","reuters.com",research,mixed,en,406,6712,117,2023-04-16,"https://reuters.com/article-1960"
1961,"New vaccine approved by FDA!!!","","nytimes.com",oncology,neutral,fr,429,8141,98,2024-06-16,"https://nytimes.com/article-1961"
1962,"Acne treatment for adults","<div><p>Endometriosis treatment: pain management surgery hormone therapy.</p></div>","healthnews.com",UNKNOWN,neutral,fr,75,9428,0,2023-05-26,"https://healthnews.com/article-1962"
1963,"Cancer research breakthrough!!!","Parkinsons disease research shows promising results with new gene therapy approach.","twitter.com",nephrology,UNKNOWN,fr,387,7571,38,INVALID_DATE,"https://twitter.com/article-1963"
1964,"Heart disease risk factors ##","High blood pressure hypertension affects 1 in 3 adults. New treatment options.","webmd.com",dermatology,NULL,en,364,6292,90,2023-04-13,"https://webmd.com/article-1964"
1965,"","Stroke prevention: control blood pressure cholesterol diabetes exercise regularly.","NULL",misc,neutral,en,370,8342,7,2024-01-25,"NULL"
1966,"ADVERTISEMENT Best weight loss pill","NULL","medscape.com",pulmonology,neutral,de,212,2696,80,2025-03-02,"https://medscape.com/article-1966"
1967,"Sleep problems in students","NULL","bbc.com",dermatology,NULL,en,177,3144,53,2022-04-07,"https://bbc.com/article-1967"
1968,"Menopause symptoms management !!! ### )$","Eczema: atopic dermatitis treatment moisturizers topical steroids biologics.","twitter.com",gynecology,UNKNOWN,de,193,1126,137,2023-06-03,"https://twitter.com/article-1968"
1969,"Lupus autoimmune disease treatment !!! ### )$","Pregnancy complications: preeclampsia gestational diabetes preterm birth.","medscape.com",rheumatology,neutral,en,413,5068,-1,2022-03-22,"https://medscape.com/article-1969"
1970,"Healthy aging strategies","<div><p>Parkinsons disease research shows promising results with new gene therapy approach.</p></div>","who.int",UNKNOWN,negative,de,342,,-1,2022-01-17,"https://who.int/article-1970"
1971,"","Malaria treatment: artemisinin combination therapy prevention mosquito nets.","healthnews.com",general,NULL,NULL,337,4108,90,2023-01-19,"https://healthnews.com/article-1971"
1972,"HIV AIDS latest research 2024","","UNKNOWN",geriatrics,UNKNOWN,en,78,8150,101,2024-08-27,"UNKNOWN"
1973,"Parkinsons disease research","Thyroid disease symptoms include fatigue weight changes mood swings hair loss.","healthline.com",nephrology,neutral,en,44,3968,185,2025-04-12,"https://healthline.com/article-1973"
1974,"Exercise benefits for seniors","Cholesterol management: diet exercise medication statins lifestyle changes.","medscape.com",rheumatology,neutral,NULL,44,5065,108,2023-02-16,"https://medscape.com/article-1974"
1975,"NULL !!! ### )$","Students suffer from sleep deprivation. Academic performance declining.","theguardian.com",neurology,NULL,de,35,70,20,2022-05-17,"https://theguardian.com/article-1975"
1976,"Blood sugar control strategies","COPD: chronic lung disease smoking cessation medication pulmonary rehab.","twitter.com",oncology,UNKNOWN,es,347,5586,163,2024-03-04,"https://twitter.com/article-1976"
1977,"COPD chronic lung disease !!! ### )$","Celiac disease: autoimmune condition triggered by gluten strict diet required.","nih.gov",pediatrics,NULL,fr,15,9127,112,2023-07-03,"https://nih.gov/article-1977"
1978,"Exercise benefits for seniors","NULL","healthnews.com",cardiology,mixed,es,332,3976,101,2025-05-22,"https://healthnews.com/article-1978"
1979,"Bladder cancer early detection","","NULL",rheumatology,neutral,es,238,5778,93,2024-04-17,"NULL"
1980,"Pneumonia treatment guidelines","<article>Children mental health issues rising post pandemic. Parents concerned.</article>","who.int",dermatology,negative,de,71,3476,137,,"https://who.int/article-1980"
1981,"Asthma treatment advances 2024 !!! ### )$","Liver disease prevention: avoid alcohol maintain healthy weight get vaccinated.","medscape.com",cardiology,mixed,fr,122,5155,95,2025-01-22,"https://medscape.com/article-1981"
1982,"Eating disorders treatment","Type 2 diabetes can be prevented with lifestyle changes diet exercise weight loss.","medicalnewstoday.com",neurology,mixed,en,204,3966,111,,"https://medicalnewstoday.com/article-1982"
1983,"Rheumatoid arthritis management","NULL","medscape.com",nephrology,mixed,es,105,8953,61,2022-10-25,"https://medscape.com/article-1983"
1984,"Autism spectrum disorder research !!! ### )$","Malaria treatment: artemisinin combination therapy prevention mosquito nets.","reddit.com",mental_health,neutral,NULL,258,1964,136,2023-08-27,"https://reddit.com/article-1984"
1985,"Thyroid disease symptoms","Mindfulness meditation reduces stress anxiety depression improves wellbeing.","medscape.com",cardiology,positive,fr,245,2211,164,,"https://medscape.com/article-1985"
1986,"Stress management techniques","<div><p>Pregnancy complications: preeclampsia gestational diabetes preterm birth.</p></div>","NULL",gynecology,positive,en,220,2030,95,2024-01-20,"NULL"
1987,"New vaccine approved by FDA!!!","<div><p>Eczema: atopic dermatitis treatment moisturizers topical steroids biologics.</p></div>","NULL",geriatrics,NULL,en,149,6985,23,2022-05-26,"NULL"
1988,"Coronary artery disease prevention !!! ### )$","Eye health: regular exams UV protection nutrition screen time management.","reuters.com",nephrology,UNKNOWN,en,221,6464,52,2024-04-20,"https://reuters.com/article-1988"
1989,"<h2>Flu season 2024 warning</h2>","NULL","cdc.gov",neurology,UNKNOWN,en,105,1456,1,2023-08-14,"https://cdc.gov/article-1989"
1990,"","Cholesterol management: diet exercise medication statins lifestyle changes.","nytimes.com",misc,UNKNOWN,en,211,2205,-1,2024-06-22,"https://nytimes.com/article-1990"
1991,"","Hair loss: androgenetic alopecia treatment minoxidil finasteride transplant.","medicalnewstoday.com",dermatology,negative,en,461,4066,87,2025-10-17,"https://medicalnewstoday.com/article-1991"
1992,"UTI prevention tips","<div><p>Addiction recovery: medication assisted treatment therapy support groups.</p></div>","webmd.com",neurology,neutral,fr,473,4215,30,2025-02-08,"https://webmd.com/article-1992"
1993,"   ","Hair loss: androgenetic alopecia treatment minoxidil finasteride transplant.","medicalnewstoday.com",geriatrics,mixed,de,198,3275,60,2025-03-18,"https://medicalnewstoday.com/article-1993"
1994,"UTI prevention tips","","forbes.com",geriatrics,NULL,en,162,612,12,2022-09-24,"https://forbes.com/article-1994"
1995,"","Addiction recovery: medication assisted treatment therapy support groups.","medscape.com",nephrology,neutral,en,230,4759,40,2023-08-05,"https://medscape.com/article-1995"
1996,"COPD chronic lung disease","Kidney disease management requires regular monitoring diet changes medication.","reddit.com",cardiology,neutral,NULL,415,7892,126,2023-11-07,"https://reddit.com/article-1996"
1997,"Acid reflux GERD treatment","Alzheimers disease affects 50 million people worldwide. New hope from research.","nytimes.com",gastroenterology,NULL,UNKNOWN,97,2143,92,2022-03-12,"https://nytimes.com/article-1997"
1998,"COPD chronic lung disease","NULL","blog.random.net",nutrition,NULL,en,485,9037,114,2024-06-16,"https://blog.random.net/article-1998"
1999,"Liver disease prevention","","forbes.com",gynecology,neutral,en,90,2826,130,2025-05-09,"https://forbes.com/article-1999"
2000,"<b>New diabetes treatment</b>","","mayoclinic.org",UNKNOWN,positive,en,66,3225,195,2024-02-15,"https://mayoclinic.org/article-2000"
2001,"Bladder cancer early detection","Thyroid disease symptoms include fatigue weight changes mood swings hair loss.","healthnews.com",rheumatology,positive,UNKNOWN,235,4811,68,,"https://healthnews.com/article-1"
2002,"Thyroid disease symptoms","COVID-19 long term effects include fatigue brain fog shortness of breath ### noise","nih.gov",nephrology,positive,UNKNOWN,25,2066,110,,"https://nih.gov/article-2"
2003,"Celiac disease gluten free diet","Crohns disease: inflammatory bowel disease medication surgery lifestyle.","forbes.com",cardiology,positive,es,-1,7940,181,2023-03-24,"https://forbes.com/article-3"
2004,"Sepsis early detection strategies","Lung cancer early detection saves lives. CT scan recommended for high risk patients.","theguardian.com",NULL,neutral,es,22,5322,189,2022-07-01,"https://theguardian.com/article-4"
2005,"ADHD in children treatment","Rheumatoid arthritis: autoimmune joint disease treatment biologics DMARDs.","theguardian.com",endocrinology,UNKNOWN,es,159,601,131,INVALID_DATE,"https://theguardian.com/article-5"
2006,"","High blood pressure hypertension affects 1 in 3 adults. New treatment options.","forbes.com",gastroenterology,NULL,en,130,2018,82,2024-03-10,"https://forbes.com/article-6"
2007,"Vitamin D deficiency symptoms","Breast cancer screening guidelines updated. Annual mammograms recommended from age 40.","reuters.com",infectious_disease,neutral,NULL,401,2145,-1,,"https://reuters.com/article-7"
2008,"COVID-19 long term effects ###","Eczema: atopic dermatitis treatment moisturizers topical steroids biologics.","nytimes.com",oncology,NULL,en,53,8192,138,2025-11-27,"https://nytimes.com/article-8"
2009,"Multiple sclerosis treatment","Obesity epidemic continues to grow in developed countries worldwide.","cdc.gov",nutrition,negative,en,32,7109,83,,"https://cdc.gov/article-9"
2010,"!!!BREAKING New virus detected!!!","<p>Asthma treatment advances include new biologics for severe asthma patients.</p>","nytimes.com",oncology,positive,NULL,454,8637,142,2022-06-09,"https://nytimes.com/article-10"
2011,"<div>Cholesterol tips</div>","","bbc.com",endocrinology,neutral,NULL,199,6683,-1,2025-09-15,"https://bbc.com/article-11"
2012,"","Tuberculosis prevention: BCG vaccine treatment antibiotics public health.","NULL",pediatrics,negative,en,70,2562,72,2022-02-22,"NULL"
2013,"Covid cases increase !!! !!! ### )$","New antibiotic resistant bacteria strain discovered in hospital settings worldwide.","healthnews.com",neurology,NULL,NULL,200,4890,125,2023-10-01,"https://healthnews.com/article-13"
2014,"Dental health tips for adults","Bone health osteoporosis prevention: calcium vitamin D weight bearing exercise.","webmd.com",nephrology,neutral,en,258,7166,106,,"https://webmd.com/article-14"
2015,"Blood clot prevention tips","Celiac disease: autoimmune condition triggered by gluten strict diet required.","medicalnewstoday.com",rheumatology,NULL,NULL,444,8375,48,,"https://medicalnewstoday.com/article-15"
2016,"","Students suffer from sleep deprivation. Academic performance declining.","mayoclinic.org",infectious_disease,UNKNOWN,UNKNOWN,339,8297,150,2023-06-16,"https://mayoclinic.org/article-16"
2017,"Lung cancer early detection","Lung cancer early detection saves lives. CT scan recommended for high risk patients.","twitter.com",NULL,positive,en,38,2091,62,INVALID_DATE,"https://twitter.com/article-17"
2018,"UTI prevention tips","Exercise benefits for seniors include improved balance strength cognitive function.","medicalnewstoday.com",infectious_disease,UNKNOWN,en,-7,6490,93,2022-11-17,"https://medicalnewstoday.com/article-18"
2019,"### SPAM ### Buy medications online ###","Liver disease prevention: avoid alcohol maintain healthy weight get vaccinated.","theguardian.com",rheumatology,neutral,es,175,5151,-1,2024-04-23,"https://theguardian.com/article-19"
2020,"Vitamin D deficiency symptoms !!! ### )$","Sepsis: life threatening infection early detection treatment critical.","nytimes.com",pediatrics,UNKNOWN,en,296,8638,95,2022-07-04,"https://nytimes.com/article-20"
2021,"<b>New diabetes treatment</b>","<div><p>Bladder cancer: early detection treatment surgery chemotherapy immunotherapy.</p></div>","NULL",oncology,negative,UNKNOWN,92,8946,89,2023-02-23,"NULL"
2022,"Dental health tips for adults","### SPAM ### Buy now!!! Click here!!!","healthline.com",gynecology,neutral,UNKNOWN,472,6856,97,INVALID_DATE,"https://healthline.com/article-22"
2023,"Immune system boost tips","Malaria treatment: artemisinin combination therapy prevention mosquito nets.","nytimes.com",pediatrics,UNKNOWN,en,350,3739,61,INVALID_DATE,"https://nytimes.com/article-23"
2024,"Dengue fever prevention tips","<div><p>Cancer research shows breakthrough in immunotherapy treatment.</p></div>","medscape.com",rheumatology,neutral,en,95,2905,155,2022-01-15,"https://medscape.com/article-24"
2025,"Nutrition tips for heart health","<div>Insomnia affects 30 percent of adults. Cognitive behavioral therapy most effective.</div>","webmd.com",NULL,NULL,en,433,3851,4,2024-01-27,"https://webmd.com/article-25"
2026,"Obesity rates rising worldwide","Dengue fever prevention: mosquito control no specific treatment supportive care.","medicalnewstoday.com",nephrology,UNKNOWN,en,297,5620,126,INVALID_DATE,"https://medicalnewstoday.com/article-26"
2027,"Breast cancer screening guidelines","<p>Scientists discover new treatment for diabetes type 2. Results promising.</p>","healthnews.com",dermatology,UNKNOWN,en,240,7446,-1,2023-08-10,"https://healthnews.com/article-27"
2028,"Depression and anxiety in adults","COVID-19 long term effects include fatigue brain fog shortness of breath ### noise","twitter.com",oncology,mixed,UNKNOWN,88,,159,2025-02-16,"https://twitter.com/article-28"
2029,"   ","Depression and anxiety disorders affect 264 million people worldwide according to WHO.","bbc.com",UNKNOWN,UNKNOWN,NULL,88,5680,8,2023-04-20,"https://bbc.com/article-29"
2030,"COVID-19 long term effects ###","UTI prevention: hydration hygiene cranberry probiotics antibiotics.","medicalnewstoday.com",misc,neutral,es,209,867,64,2024-07-14,"https://medicalnewstoday.com/article-30"
2031,"Heart disease risk factors ##","Rheumatoid arthritis: autoimmune joint disease treatment biologics DMARDs.","forbes.com",nephrology,neutral,en,313,1573,77,,"https://forbes.com/article-31"
2032,"Dengue fever prevention tips","<h1>Heart disease remains leading cause of death worldwide</h1>","twitter.com",endocrinology,negative,UNKNOWN,-10,4665,93,2022-07-17,"https://twitter.com/article-32"
2033,"Exercise benefits for seniors","","healthnews.com",infectious_disease,positive,NULL,410,3576,172,2022-01-18,"https://healthnews.com/article-33"
2034,"Weight loss tips that work","Mental health crisis affecting teenagers globally. Depression rates up 30 percent.","cdc.gov",gastroenterology,negative,en,273,2271,-1,,"https://cdc.gov/article-34"
2035,"Prostate cancer new treatment!!!","<div><p>Iron deficiency anemia most common nutritional deficiency worldwide affects women.</p></div>","webmd.com",gastroenterology,UNKNOWN,UNKNOWN,416,170,175,2024-04-17,"https://webmd.com/article-35"
2036,"Heart failure treatment options","Blood sugar control: diet exercise medication monitoring regular checkups.","webmd.com",cardiology,UNKNOWN,es,362,5535,75,2025-04-11,"https://webmd.com/article-36"
2037,"   ","Pneumonia treatment: antibiotics antivirals supportive care hospitalization.","reddit.com",oncology,UNKNOWN,fr,289,3743,120,2022-04-12,"https://reddit.com/article-37"
2038,"   ","Cancer research shows breakthrough in immunotherapy treatment.","medscape.com",rheumatology,negative,en,301,3750,119,2022-06-17,"https://medscape.com/article-38"
2039,"UTI prevention tips !!! ### )$","### SPAM ### Buy now!!! Click here!!!","N/A",pulmonology,positive,en,189,6954,185,2025-04-27,"N/A"
2040,"   ","<h1>Heart disease remains leading cause of death worldwide</h1>","NULL",mental_health,mixed,NULL,427,8594,143,2025-09-20,"NULL"
2041,"Addiction recovery strategies","","cdc.gov",NULL,negative,de,54,9328,132,2023-10-07,"https://cdc.gov/article-41"
2042,"DUPLICATE TEST TITLE","Addiction recovery: medication assisted treatment therapy support groups.","theguardian.com",endocrinology,UNKNOWN,en,53,9663,89,INVALID_DATE,"https://theguardian.com/article-42"
2043,"Exercise benefits for seniors","Students suffer from sleep deprivation. Academic performance declining.","webmd.com",infectious_disease,NULL,en,230,3716,133,,"https://webmd.com/article-43"
2044,"Immune system boost tips","<div><p>Ovarian cancer: silent killer screening treatment surgery chemotherapy.</p></div>","N/A",oncology,mixed,fr,90,7866,164,2022-03-10,"N/A"
2045,"","Parkinsons disease research shows promising results with new gene therapy approach.","medicalnewstoday.com",cardiology,negative,en,320,6435,34,2022-04-17,"https://medicalnewstoday.com/article-45"
2046,"Nutrition tips for heart health","<div><p>COPD: chronic lung disease smoking cessation medication pulmonary rehab.</p></div>","cdc.gov",pediatrics,UNKNOWN,en,74,7358,27,2022-08-03,"https://cdc.gov/article-46"
2047,"ADHD in children treatment","Addiction recovery: medication assisted treatment therapy support groups.","twitter.com",cardiology,negative,es,270,7801,103,2024-08-09,"https://twitter.com/article-47"
2048,"Nutrition tips for heart health","PCOS polycystic ovary syndrome: hormonal disorder affecting reproductive health.","nytimes.com",pulmonology,negative,en,383,2679,89,INVALID_DATE,"https://nytimes.com/article-48"
2049,"Eczema skin condition management","<div><p>Heart failure: chronic condition treatment medication lifestyle changes.</p></div>","healthnews.com",UNKNOWN,positive,en,63,1312,184,2024-04-01,"https://healthnews.com/article-49"
2050,"   ","Bone health osteoporosis prevention: calcium vitamin D weight bearing exercise.","UNKNOWN",general,mixed,de,486,2199,166,2022-02-12,"UNKNOWN"
